"DATES","NF.INV","NF.JUNK","NF.UNRATED","FIN.INV","FIN.JUNK","FIN.UNRATED","ISS.DOM.MFG","ISS.DOM.COMM","ISS.DOM.ELECT","ISS.DOM.TRANS","ISS.DOM.TELE","ISS.DOM.FIN","NF.YANKEE","FIN.YANKEE","SVENPY1000"
"1/31/1990","NA","NA","NA","NA","NA","NA","NA","NA","NA","NA","NA","NA","NA",0.0000,8.3074
"2/28/1990","NA","NA","NA","NA","NA","NA","NA","NA","NA","NA","NA","NA","NA",0.0000,8.5713
"3/31/1990","NA","NA","NA","NA","NA","NA","NA","NA","NA","NA","NA","NA","NA",0.0000,8.6885
"4/30/1990","NA","NA","NA","NA","NA","NA","NA","NA","NA","NA","NA","NA","NA",0.0000,8.8653
"5/31/1990","NA","NA","NA","NA","NA","NA","NA","NA","NA","NA","NA","NA","NA",0.0000,8.8451
"6/30/1990","NA","NA","NA","NA","NA","NA","NA","NA","NA","NA","NA","NA","NA",0.0000,8.5839
"7/31/1990","NA","NA","NA","NA","NA","NA","NA","NA","NA","NA","NA","NA","NA",0.0000,8.5707
"8/31/1990","NA","NA","NA","NA","NA","NA","NA","NA","NA","NA","NA","NA","NA",0.0000,8.8254
"9/30/1990","NA","NA","NA","NA","NA","NA","NA","NA","NA","NA","NA","NA","NA",0.0000,8.9923
"10/31/1990","NA","NA","NA","NA","NA","NA","NA","NA","NA","NA","NA","NA","NA",0.0000,8.7943
"11/30/1990","NA","NA","NA","NA","NA","NA","NA","NA","NA","NA","NA","NA","NA",200.0000,8.4585
"12/31/1990","NA","NA","NA","NA","NA","NA","NA","NA","NA","NA","NA","NA","NA",0.0000,8.1752
"1/31/1991","NA","NA","NA","NA","NA","NA","NA","NA","NA","NA","NA","NA","NA",0.0000,8.2237
"2/28/1991","NA","NA","NA","NA","NA","NA","NA","NA","NA","NA","NA","NA","NA",0.0000,7.9962
"3/31/1991","NA","NA","NA","NA","NA","NA","NA","NA","NA","NA","NA","NA","NA",0.0000,8.2467
"4/30/1991","NA","NA","NA","NA","NA","NA","NA","NA","NA","NA","NA","NA","NA",0.0000,8.1867
"5/31/1991","NA","NA","NA","NA","NA","NA","NA","NA","NA","NA","NA","NA","NA",0.0000,8.2424
"6/30/1991","NA","NA","NA","NA","NA","NA","NA","NA","NA","NA","NA","NA","NA",0.0000,8.4366
"7/31/1991","NA","NA","NA","NA","NA","NA","NA","NA","NA","NA","NA","NA","NA",0.0000,8.3916
"8/31/1991","NA","NA","NA","NA","NA","NA","NA","NA","NA","NA","NA","NA","NA",0.0000,8.0636
"9/30/1991","NA","NA","NA","NA","NA","NA","NA","NA","NA","NA","NA","NA","NA",0.0000,7.8243
"10/31/1991","NA","NA","NA","NA","NA","NA","NA","NA","NA","NA","NA","NA","NA",0.0000,7.6716
"11/30/1991","NA","NA","NA","NA","NA","NA","NA","NA","NA","NA","NA","NA","NA",0.0000,7.6196
"12/31/1991","NA","NA","NA","NA","NA","NA","NA","NA","NA","NA","NA","NA","NA",0.0000,7.3300
"1/31/1992","NA","NA","NA","NA","NA","NA","NA","NA","NA","NA","NA","NA","NA",0.0000,7.3239
"2/29/1992","NA","NA","NA","NA","NA","NA","NA","NA","NA","NA","NA","NA","NA",0.0000,7.5643
"3/31/1992","NA","NA","NA","NA","NA","NA","NA","NA","NA","NA","NA","NA","NA",0.0000,7.6923
"4/30/1992","NA","NA","NA","NA","NA","NA","NA","NA","NA","NA","NA","NA","NA",0.0000,7.6489
"5/31/1992","NA","NA","NA","NA","NA","NA","NA","NA","NA","NA","NA","NA","NA",0.0000,7.5594
"6/30/1992","NA","NA","NA","NA","NA","NA","NA","NA","NA","NA","NA","NA","NA",0.0000,7.4430
"7/31/1992","NA","NA","NA","NA","NA","NA","NA","NA","NA","NA","NA","NA","NA",0.0000,7.1061
"8/31/1992","NA","NA","NA","NA","NA","NA","NA","NA","NA","NA","NA","NA","NA",0.0000,6.8875
"9/30/1992","NA","NA","NA","NA","NA","NA","NA","NA","NA","NA","NA","NA","NA",350.0000,6.7627
"10/31/1992","NA","NA","NA","NA","NA","NA","NA","NA","NA","NA","NA","NA","NA",0.0000,6.9041
"11/30/1992","NA","NA","NA","NA","NA","NA","NA","NA","NA","NA","NA","NA","NA",0.0000,7.1062
"12/31/1992","NA","NA","NA","NA","NA","NA","NA","NA","NA","NA","NA","NA","NA",0.0000,7.0155
"1/31/1993",13930.9000,6221.8000,"NA",19861.1090,383.0000,"NA",5927.4000,6651.4000,4821.3000,368.5000,2890.4000,19347.3000,2303.2000,1244.7000,6.8557
"2/28/1993",14931.0000,4506.5000,"NA",23835.5410,613.3000,"NA",7082.1000,3674.9000,4880.6000,247.9000,2477.6000,20377.9000,655.8000,981.6000,6.5158
"3/31/1993",18573.8450,5839.5000,"NA",23442.6870,650.2000,"NA",9098.4000,4746.1000,6450.4000,1142.9000,3591.9000,23395.9000,2359.8000,1758.0000,6.2884
"4/30/1993",11573.8650,3938.2000,"NA",14868.8640,720.5000,"NA",4758.3000,3249.3000,4746.3000,516.9000,2088.5000,14090.0000,1004.7000,913.2000,6.2604
"5/31/1993",9283.2000,4415.0000,"NA",20956.4950,207.5000,"NA",4997.2000,4042.9000,2908.4000,1721.7000,1969.8000,18146.5000,2891.7000,563.4000,6.2679
"6/30/1993",16039.0400,5451.7000,"NA",30414.9970,842.8000,"NA",8336.6000,4767.6000,4672.0000,1910.0000,2725.1000,28029.6000,2154.4000,1815.3000,6.1237
"7/31/1993",13299.8250,4454.1000,"NA",19731.5750,1334.7000,"NA",2172.9000,7728.7000,4038.7000,730.0000,3122.5000,18495.3000,1925.2000,952.2000,5.9526
"8/31/1993",11155.1250,6582.6000,"NA",23759.6670,991.0000,"NA",7577.8000,3247.3000,2550.8000,722.9000,2763.9000,21071.3000,1193.4000,733.2000,5.8691
"9/30/1993",10713.8500,2977.2000,"NA",33943.9040,259.8000,"NA",5833.5000,2564.6000,3621.6000,287.5000,2480.5000,29558.6000,1372.0000,1117.0000,5.5570
"10/31/1993",10992.4000,6211.0000,"NA",25963.0860,666.3000,"NA",4571.1000,6901.3000,2199.6000,1210.3000,3176.0000,25097.3000,2200.1000,1587.0000,5.5126
"11/30/1993",7009.8500,3312.5000,"NA",28887.9060,1164.4000,"NA",4874.9000,3883.2000,2498.7000,858.5000,1350.9000,27213.2000,3518.5000,1075.8000,5.8835
"12/31/1993",6015.5750,5545.8300,"NA",19500.5510,760.0000,"NA",3698.6000,3636.6000,1762.9000,1101.4000,1558.3000,20065.4000,1730.7000,954.4000,5.9122
"1/31/1994",8031.7000,5137.5000,"NA",30516.8860,484.2000,"NA",4241.6000,3730.4000,2021.4000,673.3000,2740.1000,24956.0000,1110.9000,1888.5000,5.8742
"2/28/1994",6058.5000,4861.9000,"NA",22634.5680,778.8000,"NA",4889.7000,3643.6000,1671.1000,100.0000,2385.0000,20711.7000,2037.2000,1746.7000,6.1180
"3/31/1994",8543.7850,3089.8000,"NA",28221.7150,854.4000,"NA",2961.9000,5269.0000,1761.5000,1750.6000,1997.8000,27796.6000,2624.5000,2569.9000,6.6310
"4/30/1994",3372.7000,2620.4800,"NA",17105.6210,136.8000,"NA",2071.6000,1594.1000,684.6000,196.9000,1327.8000,12779.5000,550.0000,594.2000,7.1030
"5/31/1994",4907.3000,2679.0770,"NA",24654.9740,56.4000,"NA",2035.6000,2311.7000,684.3000,320.0000,1519.9000,18284.5000,517.5000,682.5000,7.2749
"6/30/1994",5812.2000,2052.7380,"NA",22680.9780,636.9820,"NA",3053.7000,3251.2000,2165.2000,1016.7000,846.4000,20935.5000,2734.5000,1166.2000,7.1869
"7/31/1994",2781.1200,1095.1220,"NA",16203.4180,281.1000,"NA",2335.2000,850.7000,412.7000,223.1000,677.3000,14342.7000,1610.7000,758.0000,7.3900
"8/31/1994",5872.5000,1057.4090,"NA",24105.3720,153.7000,"NA",2793.2000,1301.1000,344.9000,240.3000,148.2000,21309.1000,150.0000,1690.1000,7.3207
"9/30/1994",4530.8570,1107.0500,"NA",15585.9870,202.3000,"NA",2870.9000,1408.8000,519.3000,229.2000,855.0000,14521.3000,2397.5000,912.5000,7.5453
"10/31/1994",5723.0000,779.6650,"NA",19285.1400,273.4000,"NA",2530.6000,907.1000,1343.2000,226.8000,374.0000,17236.1000,643.1000,2462.7000,7.8030
"11/30/1994",3224.7000,1533.8790,"NA",23049.1030,75.0000,"NA",2044.3000,2002.9000,838.6000,510.1000,906.2000,15756.4000,1687.4000,687.6000,7.9979
"12/31/1994",3786.7400,1678.8160,"NA",12256.5000,260.1730,"NA",1790.0000,3121.2000,486.0000,667.3000,522.0000,12213.2000,1248.5000,1472.6000,7.8855
"1/31/1995",4463.4920,958.5540,"NA",22175.3400,39.0000,"NA",2207.9000,1753.9000,468.9000,0.0000,578.7000,14025.0000,710.0000,229.1000,7.8797
"2/28/1995",5968.4920,2455.9280,"NA",19467.5280,79.0000,"NA",4067.2000,2907.9000,109.8000,99.5000,963.8000,12172.2000,604.4000,100.0000,7.5491
"3/31/1995",4804.0180,1603.0120,"NA",27279.7280,65.0000,"NA",1519.1000,1937.3000,996.1000,402.8000,1101.3000,19613.3000,474.6000,99.8000,7.3103
"4/30/1995",4602.0170,2567.0220,"NA",17114.7310,348.7640,"NA",4331.6000,2102.4000,399.3000,1098.2000,586.8000,15421.7000,1299.2000,648.3000,7.1577
"5/31/1995",10970.5170,3870.2800,"NA",26089.2320,620.2640,"NA",2711.5000,5510.8000,2306.4000,894.4000,2812.3000,22103.1000,922.1000,947.9000,6.7158
"6/30/1995",13141.4910,3626.9020,"NA",25515.3170,182.2640,"NA",6608.7000,5289.6000,2086.6000,760.2000,1899.0000,22932.4000,1324.0000,2062.4000,6.2874
"7/31/1995",6400.7000,1581.6210,"NA",17837.3000,181.9640,"NA",5420.3000,1172.8000,904.5000,10.0000,2079.1000,15393.3000,1023.0000,1119.8000,6.3955
"8/31/1995",5167.4000,2337.2350,"NA",23587.0050,81.8640,"NA",4145.8000,2688.6000,1061.3000,342.8000,1596.9000,19695.7000,3102.9000,431.3000,6.6054
"9/30/1995",5944.0500,2382.0750,"NA",27425.2240,203.9000,"NA",5599.3000,2064.7000,694.5000,609.8000,3566.1000,29177.2000,4131.7000,3907.3000,6.3338
"10/31/1995",7440.4000,2683.8020,"NA",25960.0680,124.1000,"NA",2757.0000,3746.0000,1665.9000,486.3000,2360.3000,23562.6000,1364.7000,1166.6000,6.1444
"11/30/1995",8385.3500,4174.8340,"NA",29591.2240,174.3000,"NA",5446.3000,4696.1000,716.1000,198.6000,4535.3000,27296.1000,3235.5000,1524.1000,6.0258
"12/31/1995",7079.1500,1747.4980,"NA",18875.4640,191.4000,"NA",3467.3000,2313.8000,200.0000,1392.6000,2512.5000,20658.3000,1339.4000,3190.9000,5.8251
"1/31/1996",7115.5000,3847.4000,"NA",24986.9840,340.9000,"NA",3222.4000,3222.5000,2330.8000,1123.5000,1822.9000,19496.3000,994.2000,536.6000,5.7680
"2/29/1996",4822.5000,5457.5000,"NA",32199.2890,509.6000,"NA",4229.4000,3277.8000,1131.9000,675.6000,3533.6000,30469.1000,1323.7000,3178.7000,5.9196
"3/31/1996",6694.9000,5583.5350,"NA",28861.5930,557.2000,"NA",4261.1000,5981.2000,1786.0000,427.4000,2297.5000,32781.1000,1570.5000,4737.0000,6.4096
"4/30/1996",3840.1000,3724.2190,"NA",23825.5660,476.4000,"NA",3344.0000,3789.5000,718.0000,270.0000,1342.9000,21104.4000,875.9000,1348.1000,6.6674
"5/31/1996",8959.5000,6255.1160,"NA",31403.4150,334.7000,"NA",7623.3000,6720.8000,858.5000,934.9000,4451.5000,27696.3000,3962.3000,2594.0000,6.8387
"6/30/1996",7374.1000,7123.0920,"NA",33295.7350,116.3000,"NA",8446.1000,4990.4000,1119.5000,381.1000,3801.2000,31236.8000,3210.8000,1441.1000,6.9841
"7/31/1996",7256.5000,2602.2320,"NA",18367.4560,77.5000,"NA",4974.8000,2833.0000,1507.1000,504.6000,1739.0000,16771.0000,2001.3000,2076.6000,6.9083
"8/31/1996",5620.0000,4104.6500,"NA",22527.5110,348.8000,"NA",4238.8000,3542.8000,519.0000,172.7000,1942.6000,19540.5000,1321.1000,372.9000,6.6720
"9/30/1996",6705.5000,2169.5990,"NA",33728.5550,1070.0000,"NA",4424.0000,3317.8000,608.2000,344.7000,1271.5000,31723.6000,1233.5000,1106.3000,6.9048
"10/31/1996",10404.6000,6180.4540,"NA",28600.9407,683.4000,"NA",8580.3000,9308.0000,949.9000,685.9000,2903.7000,30848.4000,5012.7000,3094.0000,6.6017
"11/30/1996",7314.9000,4850.2100,"NA",32936.6250,699.5000,"NA",6422.2000,5600.0000,3083.2000,773.2000,1096.6000,34038.3000,2835.9000,4595.8000,6.2784
"12/31/1996",7697.7990,2966.7470,"NA",31867.0070,206.0600,"NA",8172.4000,4383.0000,2755.2000,831.0000,1209.3000,31691.9000,4654.2000,894.7000,6.3583
"1/31/1997",8418.3480,4717.4000,"NA",25150.1000,632.5000,"NA",5345.2000,4891.9000,2168.0000,471.2000,2329.5000,25680.7000,2953.8000,2648.2000,6.6201
"2/28/1997",7902.8340,5603.6000,"NA",24474.5230,99.5000,"NA",7269.6000,4187.4000,1347.3000,379.6000,3493.4000,21020.6000,1528.8000,2491.9000,6.4799
"3/31/1997",5358.2450,7500.6000,"NA",32991.4886,958.6000,"NA",5695.3000,4230.9000,1074.5000,1007.0000,4499.7000,33545.2000,2494.3000,2245.8000,6.7858
"4/30/1997",8041.6530,3805.1000,"NA",21334.6995,821.2000,"NA",5106.0000,8333.4000,1098.0000,207.9000,2742.6000,22182.4000,4329.1000,2127.7000,6.9769
"5/31/1997",10362.1560,6579.7000,"NA",25962.3670,404.1000,"NA",5382.7000,5172.8000,1441.6000,7496.4000,2663.2000,25419.1000,4224.1000,2459.5000,6.7872
"6/30/1997",7273.4480,12824.3000,"NA",51298.4730,305.5000,"NA",9667.8000,7586.5000,3135.8000,1833.9000,3573.2000,49992.3000,5134.8000,4086.4000,6.5921
"7/31/1997",14818.3110,10117.1000,"NA",33359.3618,1424.2000,"NA",11785.9000,7698.2000,5160.4000,1571.1000,7151.5000,32344.2000,7406.6000,3748.1000,6.3214
"8/31/1997",8901.4080,6899.2000,"NA",32336.0188,299.9000,"NA",9794.6000,5681.6000,1549.5000,778.9000,2743.5000,29849.6000,2835.7000,1716.4000,6.4218
"9/30/1997",8475.4490,8894.9000,"NA",61747.4394,527.4000,"NA",8903.2000,9475.5000,1523.9000,1241.5000,5029.8000,64682.8000,7632.1000,8293.6000,6.3477
"10/31/1997",11990.5370,11806.7000,"NA",35403.8908,836.8000,"NA",8101.5000,7410.3000,3031.6000,2031.1000,6296.8000,39185.9000,2758.8000,7601.3000,6.1773
"11/30/1997",4989.5500,7263.9000,"NA",41752.5050,601.7000,"NA",6841.4000,5601.5000,1174.4000,921.4000,1842.8000,36749.1000,3025.4000,934.2000,5.9962
"12/31/1997",7316.0280,5368.0000,"NA",51868.3737,413.1000,"NA",5729.4000,3899.6000,3017.0000,1308.8000,3120.6000,53147.5000,2516.1000,4307.6000,5.9043
"1/31/1998",22633.1590,9141.4000,"NA",39574.4400,150.0000,"NA",11694.3000,7390.5000,3201.6000,2033.5000,8595.0000,32726.9000,2755.4000,2387.9000,5.6636
"2/28/1998",14823.2300,12688.7000,"NA",49494.0820,1131.5000,"NA",11860.4000,7671.3000,2508.5000,2055.4000,9519.8000,42676.3000,4004.3000,2904.6000,5.7311
"3/31/1998",14244.4680,13071.9000,"NA",70236.1420,1301.3000,"NA",10979.4000,12144.6000,4430.2000,1376.3000,8848.7000,59613.1000,7992.1000,1270.6000,5.8071
"4/30/1998",17388.2880,14109.8000,"NA",44401.5390,774.1000,"NA",11009.4000,12005.5000,2956.4000,2385.6000,10230.8000,41696.2000,4491.5000,4427.0000,5.7976
"5/31/1998",10749.6610,14388.2000,"NA",50879.3190,686.4000,"NA",9641.3000,11963.0000,1730.2000,437.3000,5120.8000,56855.0000,3743.7000,12177.8000,5.8218
"6/30/1998",14967.5580,12012.2100,"NA",69978.6624,1144.5000,"NA",9855.1000,8275.5000,5748.6000,1539.7000,7605.2000,72203.4000,5808.7000,4798.5000,5.6658
"7/31/1998",14204.1000,7750.0000,"NA",43589.3765,4176.2000,"NA",7071.9000,7498.9000,3780.9000,1339.1000,6918.4000,44877.5000,4808.1000,4407.9000,5.6124
"8/31/1998",10890.6340,3448.5000,"NA",38748.6940,259.4000,"NA",2809.8000,1431.5000,1206.7000,264.7000,6288.8000,38405.3000,372.5000,3179.9000,5.4668
"9/30/1998",8468.1690,2375.0000,"NA",65785.7222,336.2000,"NA",4068.0000,1262.1000,2926.7000,768.8000,949.7000,61349.1000,743.5000,4179.1000,5.0151
"10/31/1998",10616.0380,3279.0000,"NA",50695.0280,370.5000,"NA",6103.7000,1934.6000,3075.3000,1146.7000,2540.2000,42988.2000,1094.8000,668.0000,4.8288
"11/30/1998",23101.5670,7835.5000,"NA",69987.2497,314.6000,"NA",7825.9000,8822.5000,2438.0000,571.4000,13770.5000,66384.2000,4455.9000,727.2000,5.0799
"12/31/1998",14793.1100,9503.1000,"NA",47479.6220,892.6000,"NA",10337.2000,10514.4000,3663.5000,912.7000,2710.4000,49845.6000,4236.0000,7204.3000,4.9415
"1/31/1999",9745.1990,8835.6260,1294.0000,48827.5850,821.1000,991.6000,10026.4000,5158.4000,1702.7000,2201.1000,2025.1000,36686.4000,3023.1000,1548.3000,5.0772
"2/28/1999",13114.5000,7277.3730,551.4000,64833.1251,1209.5000,3890.7000,10597.4000,6767.8000,1185.5000,1068.6000,2926.4000,59266.9000,2877.7000,1832.1000,5.3483
"3/31/1999",22644.9000,10239.2880,1257.8000,80812.8340,1223.0000,4061.1000,8004.9000,7982.5000,3406.9000,1343.2000,13328.4000,75099.9000,2631.9000,2122.9000,5.5870
"4/30/1999",23043.7050,6130.2090,1172.5000,47685.0520,1884.3000,2558.9000,13339.0000,8138.6000,1124.4000,1541.4000,6735.1000,40872.7000,2706.3000,2648.2000,5.5004
"5/31/1999",16875.2000,12436.9410,1155.0000,69436.0600,1650.4000,4136.5000,12819.8000,5277.0000,5240.4000,904.1000,7936.2000,64049.8000,4388.4000,5384.3000,5.8276
"6/30/1999",16376.4000,6662.8470,1286.0000,65615.1950,540.1000,4278.8000,9763.9000,5690.6000,3533.7000,2618.6000,6107.0000,65733.1000,5940.2000,5868.9000,6.1853
"7/31/1999",17800.6000,7268.5800,864.2000,62434.6180,498.6000,4332.7000,8575.4000,5257.5000,6080.4000,862.5000,5905.2000,62238.1000,2928.3000,4595.3000,6.1020
"8/31/1999",20626.1250,3056.1940,639.9000,59484.5575,203.8000,3766.5000,13361.5000,9478.5000,1107.5000,975.1000,2997.1000,51053.7000,5589.2000,2510.3000,6.2865
"9/30/1999",16763.8728,5113.3120,1355.1000,66098.5400,371.6000,5100.6000,4792.9000,6486.0000,4938.4000,985.2000,4971.6000,62029.5000,883.8000,5465.0000,6.3053
"10/31/1999",11403.7620,2947.8880,1312.3000,35499.1179,1550.6000,7697.8000,6032.1000,3358.4000,2414.1000,582.0000,5166.7000,38283.3000,3116.3000,2942.0000,6.5085
"11/30/1999",14327.8000,8380.6020,3230.9000,39562.3470,1170.3000,7762.2000,9363.8000,4128.0000,3357.1000,823.8000,10028.4000,45840.4000,3655.5000,5303.8000,6.3382
"12/31/1999",8795.9000,3973.9470,3056.7000,32606.2400,52.9000,5159.4000,3503.9000,4692.4000,1104.4000,2725.5000,4601.7000,28250.1000,1390.0000,1300.1000,6.5684
"1/31/2000",10574.9000,3076.4150,4150.0000,37713.6880,57.1000,591.3000,8264.9000,2756.1000,2516.5000,217.2000,4015.5000,25470.4000,753.1000,63.0000,6.8274
"2/29/2000",17350.5000,8159.3250,4863.6000,47977.8160,307.5000,3958.5000,7456.5000,5731.4000,3861.4000,545.3000,14516.0000,43329.7000,5996.7000,4520.0000,6.7051
"3/31/2000",19526.8310,5082.5460,4324.0000,83850.5650,305.5000,7047.6000,11957.0000,3800.5000,2898.2000,2460.1000,7807.1000,66095.1000,2553.7000,4008.9000,6.5037
"4/30/2000",9765.9700,1640.0250,247.7000,38900.2023,56.3000,3753.1000,3274.0000,2716.2000,1244.4000,768.3000,1673.7000,32118.5000,438.7000,2925.8000,6.2618
"5/31/2000",19976.6000,1977.8160,1129.5000,54326.3284,247.6000,1775.9000,7749.1000,6593.9000,2241.8000,598.7000,8913.2000,44197.2000,4020.1000,4604.4000,6.6715
"6/30/2000",23224.4000,4268.5540,3206.9000,76573.7223,238.0000,5842.4000,11917.0000,5996.7000,2604.2000,1981.8000,16318.9000,68108.2000,11363.8000,4736.8000,6.3304
"7/31/2000",12174.1900,4110.9620,1657.2000,53674.1655,254.9000,3605.7000,10894.1000,3579.2000,2620.2000,1201.1000,3594.5000,45963.8000,4791.2000,4140.5000,6.2372
"8/31/2000",16059.8000,4891.0270,787.7000,56768.7439,456.5000,3152.5000,10638.6000,7744.8000,3473.8000,746.1000,4592.0000,50090.7000,7284.0000,4470.0000,6.0576
"9/30/2000",16519.7300,6212.3440,1551.8000,74370.4586,746.4000,8149.2000,9144.4000,8751.5000,3922.2000,1030.8000,12367.5000,75475.6000,12225.8000,9586.5000,6.0599
"10/31/2000",7762.8000,1524.2640,1957.0000,48975.0973,130.5000,4415.5000,10117.4000,3864.1000,2545.2000,862.2000,1049.8000,46733.2000,7921.9000,2861.0000,5.9520
"11/30/2000",21528.8000,2383.6850,875.0000,68908.7528,102.2000,3567.8000,13581.7000,2897.4000,6163.0000,3212.1000,1696.5000,61710.7000,3613.6000,5221.4000,5.8928
"12/31/2000",17644.7000,2900.6350,1397.8000,47305.5190,497.3000,5457.1000,1448.8000,2513.5000,5258.8000,1841.1000,24521.9000,44228.6000,15541.6000,3324.7000,5.4551
"1/31/2001",32400.3600,14479.5830,640.9000,79375.0750,633.1000,566.6000,15767.8000,10312.0000,5035.8000,1854.1000,19106.4000,67314.4000,5291.0000,3810.4000,5.3833
"2/28/2001",28112.4470,7521.7280,1988.8000,63703.9830,911.2000,1171.4000,15937.3000,10601.3000,8722.8000,2623.3000,10193.0000,54469.3000,11288.7000,6190.3000,5.3513
"3/31/2001",34617.0360,7570.2000,687.1000,94520.8020,595.9000,4157.9000,13488.8000,10537.3000,7102.2000,1673.6000,20113.9000,85399.8000,11112.4000,7169.8000,5.1782
"4/30/2001",26603.8500,7041.4100,50.0000,57688.6320,280.8000,3236.1000,5282.0000,12625.4000,7705.8000,1257.7000,7519.9000,54757.3000,2791.4000,8236.8000,5.3949
"5/31/2001",48746.5800,17127.2550,2083.0000,108911.0760,1776.0000,2605.3000,20022.6000,10779.7000,9509.2000,3594.5000,30681.7000,91937.6000,8462.3000,8997.9000,5.5978
"6/30/2001",24648.3650,11459.5350,1518.1000,74179.1090,1371.6000,2326.6000,15289.2000,13430.0000,4672.1000,755.3000,4554.5000,67014.0000,5025.1000,7192.6000,5.5071
"7/31/2001",19201.2290,2419.5210,2305.0000,74294.3070,184.3000,2238.7000,9744.7000,6936.1000,2262.6000,629.4000,5827.9000,63676.1000,3341.2000,3529.9000,5.4439
"8/31/2001",21455.8340,6508.5270,525.0000,71225.8030,825.4000,1584.9000,10866.0000,11891.6000,5528.4000,1475.9000,2738.8000,58313.4000,4960.6000,1818.3000,5.2405
"9/30/2001",24697.4380,1012.5780,0.0000,59134.3270,131.7000,1517.8000,16135.7000,4123.8000,2099.8000,3656.1000,521.3000,58346.0000,1295.0000,8219.9000,5.0484
"10/31/2001",42165.1700,6394.4440,1750.0000,76672.9520,62.7000,4200.9000,27060.0000,11566.5000,9921.0000,2468.4000,6213.6000,73478.5000,8353.4000,8186.4000,4.8568
"11/30/2001",32773.5420,6758.5890,987.0000,73343.4320,360.9000,6430.7000,9257.2000,11712.0000,9693.9000,422.1000,14840.8000,75877.3000,6396.6000,7725.4000,4.9407
"12/31/2001",12319.1800,7200.5790,1835.0000,64756.0781,1649.7000,3074.4000,11513.4000,4254.1000,2728.5000,345.5000,8059.8000,62375.2000,6425.8000,7091.2000,5.4033
"1/31/2002",12466.0710,7876.0580,575.0000,82602.4340,420.3000,765.1000,6785.9000,7263.1000,3527.9000,488.0000,4428.1000,65532.2000,4165.8000,2694.4000,5.3241
"2/28/2002",26401.5570,4267.9000,1172.5000,59933.5340,824.7000,938.2000,17444.4000,7738.5000,2382.2000,1200.2000,1018.5000,47384.5000,1023.3000,3009.7000,5.2369
"3/31/2002",38489.1100,5951.2000,634.9000,112207.8140,917.8000,6513.9000,18777.1000,12492.4000,5348.3000,1170.6000,10483.2000,103544.9000,5805.7000,11162.8000,5.5995
"4/30/2002",26945.4070,9420.9000,363.0000,58134.4298,2699.0000,6164.3000,12559.4000,13554.9000,3985.0000,2374.8000,5604.6000,54595.1000,2862.6000,5612.5000,5.4891
"5/31/2002",13691.5100,7151.4000,500.0000,81841.7140,1328.4000,8857.2000,8728.0000,10138.0000,3938.5000,548.4000,945.8000,81947.2000,3953.0000,6522.0000,5.3992
"6/30/2002",21335.3950,6302.2000,115.0000,92517.5610,775.4000,12234.6000,10801.1000,7152.8000,7194.6000,1097.5000,3830.7000,97702.8000,3598.8000,11711.8000,5.1588
"7/31/2002",5919.3260,1807.2000,41.8000,51786.3300,60.5000,4635.9000,3092.5000,2421.0000,1294.4000,848.8000,0.0000,49385.7000,80.0000,4519.2000,4.9015
"8/31/2002",13908.8790,1175.4000,0.0000,68263.4090,95.5000,9786.3000,4044.9000,3529.5000,4406.4000,184.9000,2579.0000,68565.7000,495.9000,2389.3000,4.5350
"9/30/2002",18684.0750,2204.8000,140.0000,97801.4250,224.9000,8706.0000,5606.5000,7674.4000,4251.6000,1090.9000,1442.6000,96621.0000,2381.0000,9264.5000,4.1641
"10/31/2002",12622.7180,1895.3000,0.0000,63612.8260,262.9000,5745.5000,5808.5000,4446.9000,3251.8000,199.7000,1215.6000,69665.7000,750.0000,10611.9000,4.2524
"11/30/2002",15837.5990,6340.7000,185.6000,80384.1340,429.8000,7500.6000,15064.8000,5820.0000,3966.9000,200.0000,494.9000,80745.9000,4711.8000,4982.8000,4.3251
"12/31/2002",13889.5050,6711.0000,598.1000,94692.9620,420.2000,5960.3000,8198.6000,3155.1000,4911.9000,200.0000,4511.9000,90456.4000,1237.4000,7591.5000,4.3093
"1/31/2003",19813.6630,6518.3000,0.0000,89578.2700,101.8000,3646.2000,17757.0000,5274.6000,2719.9000,391.0000,4331.3000,82079.9000,5518.5000,5627.8000,4.3006
"2/28/2003",15861.3320,10116.7000,490.0000,105725.6210,427.8000,1678.1000,11220.8000,8824.6000,7103.8000,795.5000,1400.0000,89705.4000,3930.9000,11105.2000,4.1379
"3/31/2003",19671.9300,6921.0000,605.8000,115805.6540,550.8000,7468.4000,10233.5000,7851.1000,6488.4000,1323.6000,6054.1000,108220.9000,6656.7000,8262.5000,4.0379
"4/30/2003",12653.6890,7966.5000,1940.0000,93500.6220,362.9000,7580.1000,7202.4000,10816.9000,4126.1000,500.0000,2356.5000,91363.4000,2747.1000,7081.1000,4.1637
"5/31/2003",25611.5740,19930.6000,3831.4000,107852.1390,2058.1000,7587.3000,24061.8000,9762.2000,9779.6000,4413.5000,4617.9000,109200.0000,5126.4000,17100.4000,3.7435
"6/30/2003",29812.2960,14876.5000,4477.1000,115522.9440,1718.7000,9577.1000,27365.0000,14745.0000,8533.4000,2176.0000,3026.5000,104009.5000,7288.4000,9020.1000,3.5065
"7/31/2003",9436.1900,15113.2000,4085.0000,82491.7250,961.3000,5940.3000,13590.0000,8415.7000,8194.6000,1116.6000,5833.5000,85749.3000,9114.6000,10598.8000,4.1356
"8/31/2003",8730.9900,8397.5000,1815.0000,81215.7610,434.3000,12742.6000,8603.2000,4099.7000,3369.7000,896.8000,1416.0000,83334.7000,456.9000,5676.7000,4.6429
"9/30/2003",20722.1600,10489.8000,1335.0562,97993.0730,163.6000,25173.7000,15571.0000,6961.9000,6209.7000,300.0000,11251.5000,116992.3000,8872.6000,14656.1000,4.4458
"10/31/2003",13957.0720,10072.5000,1810.0000,89901.1340,441.0000,14865.6000,15339.6000,9896.5000,3768.6000,0.0000,7265.9000,101016.8000,11126.6000,13177.4000,4.4458
"11/30/2003",13938.7170,10592.5000,539.9000,98428.8180,1002.8000,18889.7000,14266.8000,4850.8000,5056.3000,2136.0000,5460.4000,119701.9000,7910.4000,17312.8000,4.4519
"12/31/2003",13434.1230,9825.5000,2391.1000,76356.8000,850.9000,21664.5000,14658.3000,7726.2000,4791.8000,1343.9000,3074.5000,86294.9000,7055.9000,9574.4000,4.4116
"1/31/2004",7598.0380,13111.4000,1105.0000,90189.8120,822.7000,16460.9000,6552.0000,7730.3000,3758.7000,663.6000,4787.7000,85572.2000,2784.7000,6992.8000,4.2801
"2/29/2004",5593.8420,10236.4000,2758.1000,99864.2900,632.0000,27407.0000,8135.7000,7160.4000,2617.6000,1355.5000,2231.3000,110802.3000,3529.8000,8182.5000,4.2191
"3/31/2004",17819.3500,16389.5000,1820.0000,98453.9640,1635.1000,36696.5000,14681.7000,10339.6000,11652.2000,2229.9000,5159.4000,138307.5000,8508.5000,21197.2000,3.9618
"4/30/2004",7410.5850,13172.9000,1165.3000,76649.7500,264.5000,22596.5000,10168.6000,6328.9000,5281.0000,1158.7000,3005.1000,92070.6000,5014.9000,11225.3000,4.4966
"5/31/2004",6828.7970,5239.5000,1660.0000,89415.0550,1424.7000,27568.7000,8012.9000,6800.1000,1681.1000,0.0000,25.6000,125566.3000,4388.0000,22036.7000,4.8754
"6/30/2004",8025.9780,9239.7000,1819.3000,118472.9490,833.4000,42881.8000,7633.2000,8938.2000,2198.3000,1443.0000,2307.8000,155133.7000,3809.9000,12927.6000,4.8839
"7/31/2004",6529.9640,6258.2000,505.9000,100420.0570,828.6000,39665.9000,3756.9000,9457.2000,2049.5000,1876.4000,1406.0000,135961.6000,5293.8000,15841.8000,4.6408
"8/31/2004",13293.5690,9144.7000,395.0000,112862.2110,547.4000,41841.9000,10197.7000,5997.0000,2946.8000,471.2000,3158.6000,145771.9000,970.3000,6949.0000,4.4335
"9/30/2004",18047.7190,8093.2000,1192.4000,128596.9620,277.2000,50394.0000,9564.9000,9352.5000,5090.9000,590.0000,8225.8000,168933.0000,5605.1000,16689.6000,4.2639
"10/31/2004",9257.0040,6881.9000,1890.0000,68739.5570,222.1000,70008.9000,5176.8000,5449.0000,2581.2000,710.9000,7793.1000,129269.1000,4210.7000,8673.9000,4.2373
"11/30/2004",15502.2940,16665.7000,2542.6000,78961.6990,647.5000,72703.6000,18007.3000,8938.0000,6912.5000,1962.0000,7782.1000,152336.7000,9260.6000,13924.7000,4.3219
"12/31/2004",6324.0030,13015.5000,2041.2000,50818.8527,105.8000,80653.1000,6179.9000,8286.3000,3314.7000,821.0000,4945.1000,139044.4000,2317.3000,16776.7000,4.3417
"1/31/2005",4912.8070,7567.7000,1588.5000,73884.0410,780.8000,86871.7000,6194.2000,5489.0000,2862.5000,656.5000,4625.4000,150628.0000,5872.8000,13566.9000,4.3152
"2/28/2005",7094.0710,7793.7000,1149.0000,51231.9060,552.6000,76280.4000,4366.7000,6216.3000,1468.5000,1623.3000,3654.9000,127425.0000,2586.1000,12346.9000,4.2463
"3/31/2005",8004.4500,7746.0000,1825.5000,72398.7620,1024.3000,116346.0000,6444.5000,8802.1000,5145.5000,1256.3000,575.8000,182927.9000,5030.9000,19630.6000,4.5869
"4/30/2005",6658.3410,3749.6000,130.0000,54274.7531,261.5000,81642.7000,4552.8000,5183.3000,1133.6000,789.5000,675.0000,142603.6000,2229.4000,16736.1000,4.4226
"5/31/2005",8904.9120,1548.4000,423.5000,64922.0395,816.7000,112020.6000,3084.2000,5903.0000,2599.8000,299.3000,197.3000,177835.7000,1750.6000,22120.5000,4.2220
"6/30/2005",17830.9990,10312.4000,2427.0000,93888.1340,142.7000,122118.0000,11695.5000,8070.6000,6945.8000,359.1000,5116.7000,220498.6000,3742.8000,27918.4000,4.0708
"7/31/2005",8234.3620,7309.6000,1044.6000,57574.9760,442.3000,91489.4000,11150.3000,6900.8000,1800.6000,557.0000,1113.3000,149907.5000,6065.2000,21378.6000,4.2455
"8/31/2005",11461.0160,5496.8000,1130.0000,65917.9340,534.0000,130759.5000,7846.9000,10408.2000,2299.8000,0.0000,2215.2000,189768.5000,4812.7000,13525.6000,4.3355
"9/30/2005",13823.7220,8676.8000,565.0000,55468.1839,627.7000,143836.7000,6980.3000,11683.3000,3916.2000,1001.0000,4454.8000,222051.5000,5166.7000,34267.4000,4.2808
"10/31/2005",5525.1050,2542.8000,433.4000,56500.8980,439.2000,115239.9000,3072.4000,4938.4000,1916.6000,849.5000,133.7000,181706.2000,2534.2000,26129.3000,4.5568
"11/30/2005",14040.5000,7742.6000,735.2000,66202.2875,772.3000,118402.2000,11184.9000,5295.3000,3755.1000,206.6000,6177.1000,205957.7000,4360.7000,29820.2000,4.6600
"12/31/2005",7071.1090,10983.5000,1915.0000,66785.1630,1854.1000,148306.3000,5699.8000,10108.0000,4417.2000,805.0000,4606.0000,227281.2000,6186.9000,36262.3000,4.5716
"1/31/2006",18384.0480,13237.8000,459.8000,70306.7115,0.0000,92568.2580,18116.0000,9698.7000,7347.9000,0.0000,1614.9000,164993.7000,5090.7000,29687.7000,4.5026
"2/28/2006",20081.2230,4051.4000,325.0000,69095.9440,159.3000,110497.9450,15065.1000,3846.6000,1221.4000,499.4000,6347.7000,193006.7000,2779.2000,33356.3000,4.6592
"3/31/2006",17002.7240,9309.9000,1778.8000,66527.6610,86.4000,145606.7630,12088.1000,12806.9000,3985.8000,598.4000,6734.3000,242095.7000,9352.1000,58447.0000,4.8233
"4/30/2006",13470.4690,7725.5000,5745.0000,53319.4395,2924.0000,94748.9840,10062.9000,10529.4000,1667.2000,158.4000,7441.5000,153103.4000,3246.1000,28275.2000,5.0733
"5/31/2006",20442.7980,8278.7000,1505.0000,97475.7355,3808.5000,104805.0420,13746.9000,7919.5000,3899.0000,1792.5000,7449.9000,203958.3000,5635.2000,36751.4000,5.1865
"6/30/2006",12278.4350,12879.2000,2805.7000,79862.0880,298.6000,151743.3520,11489.6000,11315.1000,4727.3000,1974.1000,11798.2000,254942.0000,14817.5000,56513.9000,5.1816
"7/31/2006",6691.5730,3676.4000,1151.0000,53024.5880,49.2000,63778.0710,5573.3000,3746.0000,2840.3000,1275.3000,5852.0000,132790.7000,8337.5000,35081.8000,5.1497
"8/31/2006",11336.0640,6203.5000,522.5000,73553.5420,2327.6000,101677.5710,11097.9000,8747.2000,1892.6000,3536.5000,2382.1000,199283.5000,9798.3000,45446.3000,4.9431
"9/30/2006",18478.5800,6198.8000,932.0000,89545.6500,827.8000,138733.8280,9633.7000,11363.1000,3660.9000,510.4000,656.8000,269710.4000,3036.5000,65847.6000,4.7981
"10/31/2006",12366.3830,9921.0000,1560.0000,70052.8620,1252.2000,107613.0410,8517.6000,12182.0000,6080.0000,993.2000,2920.0000,200339.1000,8714.1000,59401.8000,4.7994
"11/30/2006",26849.4420,25550.1000,1702.5000,80301.4910,1615.1000,110108.7030,23100.5000,24269.4000,5937.0000,703.5000,5005.3000,240321.1000,7190.8000,73866.8000,4.6613
"12/31/2006",13117.0300,13773.0000,1697.8000,88122.4530,4213.3000,133233.1490,12311.9000,15596.1000,2557.5000,1746.5000,2445.8000,222111.6000,6723.2000,55294.3000,4.6340
"1/31/2007",5265.3610,8949.4000,610.0000,81509.8000,827.5000,86531.2570,6786.6000,5999.9000,1991.5000,1291.9000,900.3000,161241.1000,2504.1000,27977.5000,4.8297
"2/28/2007",12460.2760,9471.5000,3994.0000,65366.4090,1168.6000,128508.3240,11724.2000,9380.6000,1649.9000,1425.0000,9633.9000,243591.0000,8670.2000,73118.3000,4.7990
"3/31/2007",30559.1670,18695.0000,4354.4000,103239.8980,1529.3000,155542.7840,25413.7000,17954.1000,6999.5000,1703.0000,8027.3000,298304.6000,7680.7000,79175.4000,4.6493
"4/30/2007",14892.4950,7000.7000,5256.3000,50328.1810,4123.7000,102556.2490,9277.6000,14326.5000,1901.7000,2945.3000,675.0000,189640.4000,3066.7000,54475.2000,4.7744
"5/31/2007",26767.1490,19736.4000,5409.5000,115221.5400,3849.6630,121428.6710,22918.8000,23330.4000,9539.9000,1624.6000,3016.2000,292949.3000,8347.0000,90189.8000,4.8156
"6/30/2007",21467.1580,18518.7000,5340.0000,89401.1950,1030.7580,144724.7540,22282.7000,19826.1000,9836.7000,4648.3000,3921.7000,286707.1000,15368.2000,87023.9000,5.1746
"7/31/2007",10432.3380,847.0000,2015.0000,63626.3310,39.8790,59589.8990,5872.2000,5581.0000,2155.1000,164.9000,1492.5000,139423.1000,3098.9000,37074.6000,5.0832
"8/31/2007",27189.0160,965.0000,2836.0000,84177.7450,412.3000,58563.7560,13457.2000,9629.9000,5013.5000,1927.9000,5010.6000,130933.7000,4060.4000,28168.4000,4.7977
"9/30/2007",27329.9220,3284.6000,1275.0000,70819.6260,247.8000,49174.7280,25592.2000,6847.4000,9432.6000,3344.5000,1156.3000,118361.3000,16421.5000,23807.9000,4.6290
"10/31/2007",25133.8620,17958.2000,4185.0000,69019.1490,1641.6000,33084.0150,20231.7000,21330.0000,15454.2000,1023.8000,2223.4000,111291.9000,16244.5000,23251.0000,4.6323
"11/30/2007",18994.7230,9830.8000,1540.2000,53366.3560,337.5000,36074.0990,16367.3000,9230.1000,7354.5000,50.6000,1298.5000,94556.0000,4178.2000,15884.9000,4.2999
"12/31/2007",20586.1930,1909.8000,9704.8000,43036.3660,0.0000,22924.3650,13290.9000,12678.5000,3957.3000,852.3000,4187.5000,59907.2000,3430.2000,7142.9000,4.2733
"1/31/2008",27012.2480,2371.0000,325.0000,79102.2062,11.3000,5399.8540,2335.2000,15488.2000,3849.0000,5238.5000,3992.1000,89997.1000,2915.3000,24494.2000,3.9198
"2/29/2008",21063.8800,1095.4000,1105.0000,42507.8670,425.0000,5284.3180,12102.9000,4361.5000,2000.7000,0.0000,4726.8000,41426.2000,2046.4000,12347.5000,3.9465
"3/31/2008",34392.5790,3377.0000,887.0000,31037.6825,3.1000,4093.8920,18853.2000,6830.5000,8667.9000,3074.2000,5769.6000,38884.3000,6089.3000,9067.6000,3.7334
"4/30/2008",28976.9930,3265.6000,655.8000,87251.5870,1087.2000,2476.6710,10972.5000,17830.8000,8205.2000,1907.0000,7663.9000,79208.6000,14652.7000,15228.5000,3.8853
"5/31/2008",36225.6010,12600.7000,3618.0000,76960.2420,162.7000,8094.7580,37810.4000,14859.3000,8677.9000,1147.3000,11018.4000,82564.1000,22959.5000,16381.7000,4.0898
"6/30/2008",24450.0830,5812.0000,3206.3000,43833.4200,750.0000,10882.1120,8062.1000,22611.2000,6783.2000,2191.0000,1506.5000,47098.4000,7784.2000,5177.4000,4.3072
"7/31/2008",13073.7000,2771.1000,2464.5000,13765.0350,197.6000,2574.2970,11266.2000,5357.6000,3338.9000,1981.0000,4474.1000,23604.5000,8228.5000,8758.3000,4.1879
"8/31/2008",10963.4870,900.8000,791.8000,24935.2180,0.0000,1711.9500,5490.4000,3323.6000,4193.0000,195.6000,1498.8000,29974.4000,3433.6000,10608.2000,4.0620
"9/30/2008",10101.9530,996.1000,1423.7000,10782.6230,11.9000,13382.9690,4511.3000,5105.7000,4399.6000,0.0000,159.6000,24895.1000,1747.7000,5158.1000,3.8945
"10/31/2008",20680.9680,698.5000,61.5000,1719.3990,0.0000,968.8770,11537.2000,2746.1000,2916.1000,1099.1000,3207.3000,2540.2000,996.2000,102.6000,4.2573
"11/30/2008",21716.5030,0.0000,520.0000,21379.8000,9.2000,118.3600,11195.8000,3811.8000,6092.4000,499.9000,5562.2000,22419.3000,5097.9000,882.0000,4.0334
"12/31/2008",20973.2040,612.5000,228.5000,60613.0090,26.1000,1949.9870,8503.9000,7368.7000,4301.2000,1067.7000,3026.7000,82862.8000,2796.5000,20913.2000,2.9345
"1/31/2009",39339.0000,4066.7000,550.0000,34186.0830,0.0000,76.6550,19526.7000,16854.4000,12085.1000,1994.6000,11761.4000,48339.9000,19215.0000,22485.0000,3.0604
"2/28/2009",66621.6800,3665.5000,75.0000,27559.4890,0.0000,1345.3810,58911.9000,5851.7000,5511.9000,1292.1000,2002.3000,29803.9000,3267.4000,6263.7000,3.3873
"3/31/2009",55264.5010,1946.5000,1336.5000,48029.5910,0.0000,572.8760,40700.2000,15741.1000,8491.3000,2186.1000,3007.2000,65204.7000,12762.1000,17468.0000,3.2458
"4/30/2009",15056.8950,8003.3000,1275.0000,30951.2180,2204.4000,6402.7340,10149.8000,16169.6000,2547.5000,350.0000,4455.3000,59919.0000,9388.3000,20721.3000,3.2541
"5/31/2009",38094.8750,16755.4000,3137.1000,44243.5940,2243.7000,1136.8590,31293.9000,26199.6000,7200.2000,1946.6000,7184.1000,56572.8000,16405.2000,16232.6000,3.6217
"6/30/2009",26558.8270,14739.6000,3344.7000,44849.2810,435.9000,9000.2840,17330.6000,18778.7000,4642.7000,2244.7000,16326.0000,81950.6000,14826.2000,29506.7000,4.0547
"7/31/2009",10750.7730,7203.7000,3746.0000,27539.9310,2480.9000,3669.6740,11416.4000,17455.6000,5797.2000,965.8000,3286.1000,49582.9000,16131.0000,18050.0000,3.8724
"8/31/2009",20827.1010,9001.9000,429.9000,28029.0870,780.5000,395.3320,17282.7000,6855.0000,5333.3000,680.9000,4388.7000,37291.6000,4685.2000,14152.5000,3.8806
"9/30/2009",19974.3000,17944.5000,3513.5000,50099.2150,2975.5000,2057.7490,10740.7000,24511.1000,14315.0000,4657.7000,8913.3000,65433.8000,21804.5000,13953.6000,3.6800
"10/31/2009",7716.8400,13233.2000,3603.1000,28275.3150,601.5000,1630.1310,20730.4000,18608.3000,2823.6000,2812.3000,3866.2000,37029.6000,24370.0000,9834.2000,3.6314
"11/30/2009",29956.6800,15141.1000,1502.3000,20500.0390,1328.9000,1810.9840,27099.5000,12997.7000,7117.0000,2636.3000,5738.0000,39729.0000,10794.2000,20415.2000,3.6371
"12/31/2009",10933.5340,12130.3000,1409.9000,23410.0150,2088.4000,13107.4820,12432.4000,8661.9000,2809.9000,400.0000,4199.0000,51370.8000,4436.5000,14198.6000,3.7784
"1/31/2010",9911.3000,11076.2000,1212.2000,26742.4180,3232.6000,6815.2440,12269.2000,7314.1000,4172.7000,1875.9000,3422.1000,65665.0000,6854.3000,37165.0000,3.8943
"2/28/2010",21840.0650,12052.5000,1374.1000,20177.3740,2618.1000,4606.1250,22306.4000,6285.9000,6200.7000,569.8000,2893.8000,37670.6000,3002.1000,12472.1000,3.8494
"3/31/2010",33109.1470,28176.1000,4809.1000,35780.5860,6389.4000,10691.2100,31612.8000,26095.1000,6996.4000,3510.4000,11842.8000,63389.0000,14371.7000,17348.9000,3.8552
"4/30/2010",10246.8150,24029.3000,512.8000,14876.7660,3680.4000,3195.1520,13550.5000,18304.0000,1880.1000,570.0000,12936.7000,44654.8000,12813.2000,24544.0000,3.9364
"5/31/2010",17360.8810,5333.0000,855.3000,13007.2080,14.4000,3817.5530,9413.4000,6431.1000,6696.0000,1024.5000,3219.3000,19892.5000,3645.8000,4561.3000,3.5556
"6/30/2010",15264.0690,4300.9000,2797.6000,28753.1520,900.9000,3191.6930,14644.0000,14444.8000,3932.4000,497.4000,1150.0000,31418.8000,12649.2000,7692.3000,3.3542
"7/31/2010",17560.1780,9304.4000,2315.5000,24791.5140,1231.1000,1603.2130,10436.8000,18102.7000,3718.9000,2088.9000,3681.6000,47327.6000,8883.8000,25538.7000,3.1435
"8/31/2010",22362.5000,26349.9000,1881.0000,30594.1260,3025.4000,9174.3590,18825.1000,28333.7000,5646.7000,3182.2000,4147.6000,61464.7000,10741.9000,23375.2000,2.7940
"9/30/2010",40359.9760,22770.8000,1415.1000,31175.7670,3661.9000,7013.8520,32690.3000,32761.2000,10776.8000,4026.0000,9858.7000,62201.2000,26330.6000,32881.1000,2.7586
"10/31/2010",19089.0000,20893.8000,1395.0000,22988.2710,2952.8000,1496.7730,14456.4000,31446.3000,6431.2000,3119.4000,2273.4000,49100.3000,17285.4000,22896.3000,2.6360
"11/30/2010",35906.4670,24653.9000,2032.8000,25518.3540,3243.8000,12754.3580,28786.2000,25839.5000,7343.7000,4078.9000,8363.8000,45357.7000,13104.3000,8467.5000,2.8290
"12/31/2010",16807.9170,19969.0000,1828.2000,13644.7750,1734.4000,3663.9640,22720.2000,14189.2000,2491.0000,1595.3000,3116.6000,29120.1000,5700.9000,13056.5000,3.3910
"1/31/2011",16469.4410,19126.9000,1437.5000,40930.9630,6530.4000,2531.7820,13936.5000,26361.8000,10617.0000,3051.1000,1488.5000,78571.5000,18447.0000,42190.3000,3.4701
"2/28/2011",20896.9000,13420.0000,805.9000,29734.9180,4175.6000,1677.1070,21770.9000,17515.4000,1497.9000,1072.3000,4641.5000,44582.7000,11725.2000,11752.2000,3.6385
"3/31/2011",37800.7880,20476.8000,3190.9000,33581.1090,3497.9000,6662.0050,39426.2000,28316.8000,5312.5000,1367.8000,17449.1000,64502.0000,30468.1000,27378.9000,3.4885
"4/30/2011",15079.6360,14205.2000,937.7000,25646.3920,5230.5000,859.5490,13045.0000,17589.6000,4629.6000,675.0000,7371.8000,53233.1000,13254.7000,25211.6000,3.5337
"5/31/2011",49518.5700,31474.3000,1486.2000,34674.6660,4479.4000,478.4290,40585.0000,39473.5000,13586.9000,3172.3000,5054.6000,59584.3000,21214.7000,28062.1000,3.2441
"6/30/2011",15324.8450,12377.9000,1567.0000,30541.8310,1663.7000,3053.8080,13922.7000,11327.5000,3847.0000,1393.4000,6526.1000,41443.5000,7876.1000,9152.7000,3.0730
"7/31/2011",9881.5590,11307.1000,1712.5000,29788.9250,2811.3000,3363.6660,9858.2000,16236.9000,596.2000,0.0000,712.1000,53145.4000,4519.6000,21081.4000,3.0806
"8/31/2011",36261.0750,635.9000,154.8000,11800.5580,653.9000,923.2140,14363.5000,7832.4000,8009.8000,1432.4000,7778.1000,13436.3000,5083.9000,1662.9000,2.3676
"9/30/2011",32935.1110,4584.2000,198.9000,29306.0700,1746.7000,12033.0050,22503.4000,10129.6000,4282.7000,1472.1000,4203.4000,44637.7000,6062.3000,9686.4000,2.0422
"10/31/2011",14036.8000,6064.9000,1204.2000,18532.2230,1289.4000,298.7560,12283.2000,10958.9000,2807.8000,596.6000,6069.3000,37870.0000,11409.9000,23645.7000,2.2183
"11/30/2011",39740.8590,17869.5000,1002.9000,32573.1660,2876.0000,2127.8470,34041.9000,33578.4000,6554.4000,1793.4000,5216.5000,43001.4000,23594.4000,13857.5000,2.0549
"12/31/2011",18551.3080,2077.0000,1418.5000,15275.2700,1873.1000,2216.9180,13717.1000,5303.4000,3096.6000,542.5000,987.7000,18373.5000,3273.1000,5209.5000,2.0126
"1/31/2012",13415.8000,10144.6000,7.5000,39543.5910,6834.2000,13584.6070,10471.5000,10680.3000,7067.6000,1141.1000,5166.1000,86097.7000,10958.7000,35384.8000,1.9921
"2/29/2012",34247.6380,26640.8000,615.7000,38201.3550,5067.2000,1823.0170,28885.7000,38870.5000,6677.0000,3117.9000,10842.0000,58934.5000,29559.2000,22596.9000,1.9829
"3/31/2012",37311.3300,23227.7000,4011.3000,45303.6710,4144.5000,2376.6280,26555.3000,41646.5000,7124.9000,3222.6000,8261.7000,73247.6000,23801.0000,32286.7000,2.2009
"4/30/2012",13387.7770,14117.0000,1846.2000,31278.9450,2069.8000,1613.9970,9917.7000,27194.8000,398.0000,762.0000,2798.8000,39533.4000,11897.1000,10383.2000,2.0668
"5/31/2012",41253.8670,12138.4000,1555.1000,31777.8990,4286.1000,1818.1890,42293.8000,26096.5000,6059.6000,712.4000,5449.3000,43220.2000,27594.2000,10930.9000,1.7974
"6/30/2012",28426.2220,7354.9000,1585.4000,46558.2490,2350.4000,1255.7050,10544.0000,18570.9000,5661.3000,2005.3000,8527.6000,54671.6000,8568.3000,12697.3000,1.6153
"7/31/2012",26861.5000,16288.2000,669.7000,35307.1760,5072.7000,1498.6750,29608.4000,19459.1000,1968.6000,2241.1000,6879.6000,56399.7000,16337.4000,21067.5000,1.5169
"8/31/2012",31913.0000,25265.9000,1907.3000,25334.2900,4936.3000,3714.3650,22299.0000,27074.1000,10694.1000,1498.5000,4362.8000,37647.5000,7992.3000,4967.0000,1.6903
"9/30/2012",40383.1000,28641.9000,2362.3000,46699.1290,6896.6000,8795.9090,34536.2000,30647.9000,10279.1000,4335.0000,11991.5000,97652.4000,21102.4000,41620.2000,1.7132
"10/31/2012",25611.4000,31154.0000,3623.9000,44170.6570,2275.8000,8517.7400,27050.6000,38443.3000,4302.2000,2816.1000,8246.5000,74546.1000,20569.4000,28121.2000,1.7292
"11/30/2012",74052.0180,19911.3000,1239.7000,38116.1480,3626.3000,3857.0440,43868.4000,44748.4000,7238.2000,2155.9000,10739.4000,72342.4000,17353.8000,31166.3000,1.6357
"12/31/2012",26956.4470,20334.1000,2668.7000,28209.2450,3954.2000,3319.0880,19984.4000,17458.0000,6215.2000,1870.3000,9741.3000,48305.1000,5348.5000,17241.5000,1.7008
"1/31/2013",26455.6000,25329.0000,1633.5000,70032.7740,281.2000,1853.3820,34100.5000,27687.6000,8185.0000,1024.9000,5968.8000,100314.3000,23948.9000,37565.3000,1.9038
"2/28/2013",37031.9020,18043.5000,663.3000,47771.2060,2277.9000,3975.4680,29058.5000,19747.0000,4987.5000,797.0000,16038.0000,60816.8000,16725.1000,19112.4000,1.9816
"3/31/2013","NA","NA","NA","NA","NA","NA","NA","NA","NA","NA","NA","NA","NA","NA",1.9882
"4/30/2013","NA","NA","NA","NA","NA","NA","NA","NA","NA","NA","NA","NA","NA","NA","NA"
"5/31/2013","NA","NA","NA","NA","NA","NA","NA","NA","NA","NA","NA","NA","NA","NA","NA"
"6/30/2013","NA","NA","NA","NA","NA","NA","NA","NA","NA","NA","NA","NA","NA","NA","NA"
"7/31/2013","NA","NA","NA","NA","NA","NA","NA","NA","NA","NA","NA","NA","NA","NA","NA"
"8/31/2013","NA","NA","NA","NA","NA","NA","NA","NA","NA","NA","NA","NA","NA","NA","NA"
"9/30/2013","NA","NA","NA","NA","NA","NA","NA","NA","NA","NA","NA","NA","NA","NA","NA"
"10/31/2013","NA","NA","NA","NA","NA","NA","NA","NA","NA","NA","NA","NA","NA","NA","NA"
"11/30/2013","NA","NA","NA","NA","NA","NA","NA","NA","NA","NA","NA","NA","NA","NA","NA"
"12/31/2013","NA","NA","NA","NA","NA","NA","NA","NA","NA","NA","NA","NA","NA","NA","NA"
