date,year,quarter,assets,total_nii,normalized_nii,credit_loss_allowances,card_interchange_fees,earnings_life_insurance,atm_fees,check_printing_fees,fiduciary_activities,sale_mutual_funds,insurcance_commissions,investment_banking_fees,net_change_fair_value,ng_assets_fv,ng_credit_deriv,ng_sale_loans,ng_other_assets,ng_other_real_estate,net_sec_income,net_servicing_fees,res_mortgages_closed,res_mortgages_open,other_adj_equity,other_nii,rent_other_real_estate,safe_deposit_rent,service_charges,total_nii,total_tr,tr_comm,tr_credit,tr_equity,tr_foreign_ex,tr_int_rt_exp,vc_rev,PRIV.NVC.EWMA,PRIV.NVC.PEA,PRIV.PLACE.FIN.LP.SDC,PRIV.PLACE.FIN.SDC,PRIV.PLACE.NF.SDC,PRIV.TOTAL,PRIV.VC.PWC,MERG.ANN.DOM.CASH,MERG.COMP.DOM.CASH,MERG.COMP.DOM.LIAB,MERG.COMP.DOM.STOCK,MERG.COMP.FOR.CASH,MERG.COMP.FOR.LIAB,MERG.COMP.FOR,MERG.COMP.FOR.STOCK,US GDP,Baltic Dry Index,euro_area_gdp,jp_gdp,gb_gdp,mx_gdp,la_gdp,GSCI,MSCI EURO WORLD INDEX,Henry Hub Natural Gas,Brent Crude Oil,,NF.INV,NF.JUNK,NF.UNRATED,FIN.INV,FIN.JUNK,FIN.UNRATED,ISS.DOM.MFG,ISS.DOM.COMM,ISS.DOM.ELECT,ISS.DOM.TRANS,ISS.DOM.TELE,ISS.DOM.FIN,NF.YANKEE,FIN.YANKEE,SVENPY1000,3Mo Treasury Yield Quarterly Converted,10Yr Treasury Yield Quarterly Converted,U.S. Natural Gas quarterly converted,bbb10yr quarterly converted,VIX,SP500,us ipo
90Q1,1990,1,,,,,,,,,,,,,,,,,,,,,,,,,,,,,580590,,,,,,,,1.1925,,,,,,29.937,,,,,,,,8020.8,,5.534158514,-1.889517999,4.806360748,8.98495,-7.87309,,,,,,,,,,,,,,,,,,,,8.5224,8.023333333,8.423333333,1.876666667,,27.25,336.5747619,14.66666667
90Q2,1990,2,,,,,,,,,,,,,,,,,,,,,,,,,,,,,562913,,,,,,,,1.1925,,,,,,29.16,,,,,,,,8052.7,,1.839139772,13.22538049,3.341822064,8.96593,-23.24771,,,,,,,,,,,,,,,,,,,,8.764766667,8.013333333,8.676666667,1.48,,24.16,349.7965079,21
90Q3,1990,3,,,,,,,,,,,,,,,,,,,,,,,,,,,,,316131,,,,,,,,1.1925,,,,,,24,,,,,,,,8052.6,,3.761731699,6.877547463,-3.986772137,5.56901,25.28736,,,,,,,,,,,,,,,,,,,,8.796133333,7.72,8.703333333,1.52,,36.47,335.881746,15.33333333
90Q4,1990,4,,,,,,,,,,,,,,,,,,,,,,,,,,,,,472416.6912,,,,,,,,1.1925,,,,,,23.061,,,,,,,,7982,,2.282749962,-0.757755993,-2.114597946,5.18165,-3.75825,,,,,,,,,,,,,,,,,,,66.66666667,8.476,7.213333333,8.396666667,1.913333333,,33.98,316.5620313,6.333333333
91Q1,1991,1,,,,15811.915,,,,,,,,,,,,,,,,,,,,,,,,,564859,,,,,,,,1.41,,,,,,26.169,,,,,,,,7943.4,,2.793027242,3.531085653,-2.651523239,1.10707,-10.9321,,,1.37,,,,,,,,,,,,,,,,,8.155533333,6.206666667,8.016666667,1.69,,36.2,352.2829508,9.666666667
91Q2,1991,2,,,,12298.70167,,,,,,,,,,,,,,,,,,,,,,,,,595562,,,,,,,,1.41,,,,,,17.465,,,,,,,,7997,,1.193457358,4.83076936,-1.571824549,6.26275,20.79394,,,1.11,,,,,,,,,,,,,,,,,8.288566667,5.736666667,8.13,1.47,,20.12,378.66625,34.33333333
91Q3,1991,3,,,,11722.93333,,,,,,,,,,,,,,,,,,,,,,,,,562981,,,,,,,,1.41,,,,,,22.528,,,,,,,,8030.7,,-0.110461592,-0.882580293,-1.427958599,0.7458,11.36921,,,1.7,,,,,,,,,,,,,,,,,8.093166667,5.54,7.94,1.453333333,,21.19,385.5598438,32
91Q4,1991,4,,,,,,,,,,,,,,,,,,,,,,,,,,,,,498965,,,,,,,,1.41,,,,,,21.983,,,,,,,,8062.2,,3.858613718,2.839069146,0.956806211,7.4228,-6.87866,,,1.68,,,,,,,,,,,,,,,,,7.5404,4.67,7.346666667,1.903333333,,21.92,387.1160938,46.33333333
92Q1,1992,1,,,,,,,,,,,,,,,,,,,,,,,,,,,,,576954,,,,,,,,1.8728,,,,,,21.187,,,,,,,,8150.7,,6.176320153,0.124460529,1.087834324,-0.03501,0.0442,,,1.35,,,,,,,,,,,,,,,,,7.526833333,4,7.303333333,1.45,,19.79,411.9726984,51.66666667
92Q2,1992,2,,,,,,,,,,,,,,,,,,,,,,,,,,,,,486802,,,,,,,,1.8728,,,,,,17.466,,,,,,,,8237.3,,-3.018518698,1.4079899,0.301667661,6.72259,-2.17222,,,1.54,,,,,,,,,,,,,,,,,7.550433333,3.77,7.376666667,1.516666667,,20.15,410.0612698,45.66666667
92Q3,1992,3,,,,,,,,,,,,,,,,,,,,,,,,,,,,,416763.0387,,,,,,,,1.8728,,,,,,21.438,,,,,,,,8322.3,,-1.115418719,0.471491131,3.349814521,3.76611,1.81398,,,2.51,,,,,,,,,,,,,,,,116.6666667,6.918766667,3.15,6.616666667,1.77,,15.88,417.11875,30.66666667
92Q4,1992,4,,,,,,,,,,,,,,,,,,,,,,,,,,,,,483243,,,,,,,,1.8728,,,,,,18.666,,,,,,,,8409.8,,-0.797438454,-2.525724939,3.470569502,0.33364,4.91556,,,1.92,,,,,,,,,,,,,,,,,7.0086,3.143333333,6.743333333,2.193333333,,20.51,423.6876563,41.66666667
93Q1,1993,1,,,,,,,,,,,,,,,,,,,,,,,,,,,,,506626,,,,,,,,2.1955,,,,,,21.891,,,,,,,,8425.3,,-2.697686591,4.584196437,3.426343368,1.59139,10.66741,,,2.2,,15811.915,15811.915,5522.6,,22379.779,548.8333333,,7369.3,5024.133333,5384.1,586.4333333,2986.633333,21040.36667,1772.933333,1328.1,6.5533,3.023333333,6.28,1.93,,16.22,442.7504839,40
93Q2,1993,2,,,,,,,,,,,,,,,,,,,,,,,,,,,,,552483,,,,,,,,2.1955,,,,,,23.534,,,,,,,,8479.2,,0.297037804,-2.508632395,2.465167025,2.63486,6.82994,,,1.96,,12298.70167,12298.70167,4601.633333,,22080.11867,590.2666667,,6030.7,4019.933333,4108.9,1382.866667,2261.133333,20088.7,2016.933333,1097.3,6.217333333,3.033333333,5.99,2.073333333,,15.25,445.505873,45.33333333
93Q3,1993,3,,,,,,,,,,,,,,,,,,,,,,,,,,,,,511492.3167,,,,,,,,2.1955,,,,,,32.534,,,,,,,,8523.8,,1.668789029,-2.840677687,3.769944147,3.70866,3.00601,,,2.04,,11722.93333,11722.93333,4671.3,,25811.71533,861.8333333,,5194.733333,4513.533333,3403.7,580.1333333,2788.966667,23041.73333,1496.866667,934.1333333,5.7929,3.07,5.616666667,2.04,,17.3,453.5590625,53
93Q4,1993,4,,,,,,,,,,,,,,,,,,,,,,,,,,,,,578551.6728,,,,,,,,2.1955,,,,,,32.615,,,,,,,,8636.4,,1.051553962,2.543924302,3.430845709,3.58522,-1.13095,,,2.07,,8005.941667,8005.941667,5023.11,,24783.84767,863.5666667,,4381.533333,4807.033333,2153.733333,1056.733333,2028.4,24125.3,2483.1,1205.733333,5.769433333,3.133333333,5.606666667,2.066666667,,15.9,464.2720313,70.66666667
94Q1,1994,1,,,,,,,,,,,,,,,,,,,,,,,,,,,,,524512.4767,,,,,,,,3.8733,,,,,,38.331,,,,,,,,8720.5,,3.758299915,2.715317119,5.745476265,5.18183,5.19541,,,1.98,,7544.661667,7544.661667,4363.066667,,27124.38967,705.8,,4031.066667,4214.333333,1818,841.3,2374.3,24488.1,1924.2,2068.366667,6.207733333,3.32,6.066666667,1.913333333,,20.45,469.2136508,49.66666667
94Q2,1994,2,,,,,,,,,,,,,,,,,,,,,,,,,,,,,515369,,,,,,,,3.8733,,,,,,43.474,,,,,,,,8839.8,,2.514680974,-4.233024768,5.439396192,7.0676,6.07387,,,2.07,,4697.4,4697.4,2450.765,,21480.52433,276.7273333,,2386.966667,2385.666667,1178.033333,511.2,1231.366667,17333.16667,1267.333333,814.3,7.188266667,4.1,7.083333333,1.903333333,,23.87,451.1687097,57.33333333
94Q3,1994,3,,,,,,,,,,,,,,,,,,,,,,,,,,,,,478620,,,,,,,,3.8733,,,,,,54.006,,,,,,,,8896.7,,2.721048928,7.972680968,5.397345984,4.34243,13.84623,,,1.42,,4394.825667,4394.825667,1086.527,,18631.59233,212.3666667,,2666.433333,1186.866667,425.6333333,230.8666667,560.1666667,16724.36667,1386.066667,1120.2,7.418666667,4.606666667,7.333333333,1.806666667,,14.92,461.1204688,40.33333333
94Q4,1994,4,,,,,,,,,,,,,,,,,,,,,,,,,,,,,521309.8897,,,,,,,,3.8733,,,,,,38.577,,,,,,,,8995.5,,3.211684452,-4.15229408,2.867166535,4.97326,13.80689,,,1.7,,4244.813333,4244.813333,1330.786667,,18196.91433,202.8576667,,2121.633333,2010.4,889.2666667,468.0666667,600.7333333,15068.56667,1193,1540.966667,7.895466667,5.436666667,7.836666667,1.776666667,,18.41,460.0049206,42
95Q1,1995,1,,,,,,,,,,,,,,,,,,,,,,,,,,,,,622093,,,,,,,,5.3668,,,,,1.7531,43.833,,,,,,,,9017.6,,2.190528117,2.493092198,2.088770501,-21.51654,4.89501,,,1.58,,5078.667333,5078.667333,1672.498,,22974.19867,61,,2598.066667,2199.7,524.9333333,167.4333333,881.2666667,15270.16667,596.3333333,142.9666667,7.5797,5.916666667,7.483333333,1.523333333,,14.25,480.468254,28
95Q2,1995,2,,,,,,,,,,,,,,,,,,,,,,,,,,,,,567838,,,,,,,,5.3668,,,,,2.0911,46.369,,,,,,,,9037,,2.321538207,5.80549089,2.176033826,-16.22636,-2.59723,,,1.54,,9571.341667,9571.341667,3354.734667,,22906.42667,383.764,,4550.6,4300.933333,1597.433333,917.6,1766.033333,20152.4,1181.766667,1219.533333,6.7203,5.776666667,6.62,1.55,,14.12,524.4428571,40.33333333
95Q3,1995,3,,,,,,,,,,,,,,,,,,,,,,,,,,,,,543422,,,,,,,,5.3668,,,,,1.755,53.489,,,,,,,,9112.9,,1.194092493,2.695338452,4.71435974,5.92016,-3.81982,,,1.65,,5837.383333,5837.383333,2100.310333,,22949.843,155.9093333,,5055.133333,1975.366667,886.7666667,320.8666667,2414.033333,21422.06667,2752.533333,1819.466667,6.4449,5.53,6.323333333,1.46,,13.86,564.7963492,46
95Q4,1995,4,,,,,,,,,,,,,,,,,,,,,,,,,,,,,622823.6728,,,,,,,,5.3668,,,,,2.0837,53.907,,,,,,,,9176.4,,1.44897401,0.163257468,1.936827667,6.05072,2.91102,,,3.39,,7634.966667,7634.966667,2868.711333,,24808.91867,163.2666667,,3890.2,3585.3,860.6666667,692.5,3136.033333,23839,1979.866667,1960.533333,5.998433333,5.416666667,5.893333333,1.663333333,,15.74,597.171746,74.33333333
96Q1,1996,1,,,,,,,,,,,,,,,,,,,,,,,,,,,,,583390.3671,,,,,,,,6.4145,286.3,146,192.65,6.1682,2.3646,55.405,,,,,,,,9239.3,,0.020018942,3.066838712,4.460901154,11.55344,5.06955,,,2.6,,6210.966667,6210.966667,4962.811667,,28682.622,469.2333333,,3904.3,4160.5,1749.566667,742.1666667,2551.333333,27582.16667,1296.133333,2817.433333,6.0324,5.07,5.91,1.963333333,,20.7,636.4550794,55.66666667
96Q2,1996,2,,,,,,,,,,,,,,,,,,,,,,,,,,,,,385499.9333,,,,,,,,6.4145,2111.57,705.89,1613.82,8.6374,3.1288,59.978,,,,,,,,9399,,2.940461497,4.221501179,1.682226255,2.41913,-0.77891,,,2.65,,6724.566667,6724.566667,5700.809,,29508.23867,309.1333333,,6471.133333,5166.9,898.6666667,528.6666667,3198.533333,26679.16667,2683,1794.4,6.830066667,5.156666667,6.72,2.056666667,,20.22,658.8520635,82.66666667
96Q3,1996,3,,,,,,,,,,,,,,,,,,,,,,,,,,,,,428867,,,,,,,,6.4145,999.77,189.78,1028.4,8.0549,2.8479,49.178,,,,,,,,9480.8,,2.154946843,0.002141722,2.947294303,6.50289,15.50842,,,1.86,,6527.333333,6527.333333,2958.827,,24874.50733,498.7666667,,4545.866667,3231.2,878.1,340.6666667,1651.033333,22678.36667,1518.633333,1185.266667,6.828366667,5.243333333,6.78,2.066666667,,21.55,660.0975,61
96Q4,1996,4,2686022957,9539243,0.003551438,,,,,,10215209,1814139,,,,,,,813765,,196891,,,,,-327455,,,,9539243,16436715.57,7930379,439442,,784205,2382584,4324148,,6.4145,6754.28,13666.81,1126.17,8.8456,3.2569,55.766,,,,,,,,9584.3,,1.276854383,6.312756055,3.745052928,10.64714,-2.57397,,,2.46,,8472.433,8472.433,4665.803667,,31134.85757,529.6533333,,7724.966667,6430.333333,2262.766667,763.3666667,1736.533333,32192.86667,4167.6,2861.5,6.4128,5.11,6.343333333,2.566666667,,21.99,725.8614063,82.33333333
97Q1,1997,1,2753154955,2516908,0.00091419,,,,,,2751124,609692,,,,,,,289905,,46206,,,,,-60597,,,,2516908,16341288,2460291,135883,,225367,597948,1501093,,9.8608,1225,8691.04,486.6,8.5315,3.1034,60.598,,,,,,,,9658,,1.444856204,2.836648253,4.593026227,4.72033,2.18694,,,1.85,,7226.475667,7226.475667,5940.533333,,27538.70387,563.5333333,,6103.366667,4436.733333,1529.933333,619.2666667,3440.866667,26748.83333,2325.633333,2461.966667,6.6286,5.196666667,6.563333333,2.56,7.41237377,22.14,784.7418033,45
97Q2,1997,2,2878883307,2566167,0.000891376,,,,,,2851791,618749,,,,,,,201556,,34833,,,,,802606,,,,2566167,17383531,2288790,126161,,308348,836121,1018160,,9.8608,3536.5,5122.004,1904.048,11.1211,3.7964,65.9,,,,,,,,9801.2,,5.233166648,-3.651590422,4.070492487,8.72061,5.17728,,,2.17,,8559.085667,8559.085667,7736.366667,,32865.17983,510.2666667,,6718.833333,7030.9,1891.8,3179.4,2993,32531.26667,4562.666667,2891.2,6.7854,5.19,6.696666667,1.963333333,7.541839063,21.82,823.4895313,45
97Q3,1997,3,2957180704,2684985,0.000907954,,,,,,3132505,661978,,,,,,,316985,,38383,,,,,475446,,,,2684985,19634470,2743070,156580,,236453,924572,1425465,,9.8608,1133.8,528.3,1084.2,10.7395,3.7556,68.1,,,,,,,,9924.2,,2.61962168,1.582059928,3.940253581,7.6813,5.78435,,,2.97,,10731.72267,10731.72267,8637.066667,,42480.94,750.5,,10161.23333,7618.433333,2744.6,1197.166667,4974.933333,42292.2,5958.133333,4586.033333,6.363633333,5.183333333,6.243333333,2.136666667,7.083642188,25.99,929.9435938,50.66666667
97Q4,1997,4,3038371804,2844288.353,0.000936123,,,,,,3152329.294,716173.5294,,,,,,,365968,,77505,,,,,216232.2353,,,,2844288.353,18726625.29,987597,-356021,,-151478,1232199,262897,,9.8608,7507.7,369,1201.3,12.4735,4.8934,90.739,,,,,,,,10000.3,,4.095096156,-0.17163507,4.475615731,8.50832,3.49551,,,2.23,,8098.705,8098.705,8146.2,,43008.2565,617.2,,6890.766667,5637.133333,2407.666667,1420.433333,3753.4,43027.5,2766.766667,4281.033333,6.025933333,5.23,5.906666667,2.626666667,6.850295,38.2,951.3789063,60
98Q1,1998,1,3194289443,2725326.871,0.000853187,,,,,,3534441.608,782853.1452,,,,,,,395280,,49613.90685,,,,,-19661,,,,2725326.871,21643391.56,2992145.332,127197,,281805,1344845.893,1298297.438,,15.007,6134.8,1462.6,739.7,11.9942,4.1798,134,33.3,,,,,,,10094.8,,2.392228605,-7.59962496,3.42723713,3.21494,-7.70503,,,2.34,,17233.619,17233.619,11634,,53101.55467,860.9333333,,11511.36667,9068.8,3380.1,1821.733333,8987.833333,45005.43333,4917.266667,2187.7,5.733933333,5.19,5.586666667,1.993333333,6.655003226,28.69,1023.088361,32
98Q2,1998,2,3295107094,2893669,0.000878171,,,,,,3748798,928317,,,,,,,595706,,122301,,,,,-173648,,,,2893669,23597633,2612986,54743,,159316,1367714,1091213,,15.007,6594,347.5,959.2,14.6049,5.8752,100,38.4,,,,,,,10185.6,,1.659090226,-1.962879275,2.907877144,4.20396,6.38742,,,2.41,,14368.50233,14368.50233,13503.40333,,55086.5068,868.3333333,,10168.6,10748,3478.4,1454.2,7652.266667,56918.2,4681.3,7134.433333,5.761733333,5.113333333,5.596666667,2.036666667,6.683339683,26.2,1109.666984,46.66666667
98Q3,1998,3,3373498471,3051169,0.000904452,,,,,,3662720,906468,,,,,,,588469,,10412,,,,,379884,,,,3051169,19393979,-5595,-208500,,-187538,1266266,-785823,,15.007,7621.6,898.9,443.8,14.3095,5.3993,100,38,,,,,,,10320,,2.318214304,1.178841641,2.443026304,2.51263,-0.58651,,,2.2,,11187.63433,11187.63433,4524.5,,49374.59757,1590.6,,4649.9,3397.5,2638.1,790.8666667,4718.966667,48210.63333,1974.7,3922.3,5.364766667,4.956666667,5.203333333,1.87,6.619625,45.29,1085.079219,22
98Q4,1998,4,3833475788,3284747.489,0.000856859,,,,,,4252828.324,1362479.993,,,,,,,479173,,13160,,,,,503323,,,,3284747.489,27849552.08,2242021,184171,,372838,1109983,650029,,15.007,3103.8,112,1755.7,16.9891,6.0712,90,24.5,,,,,,,10498.6,,1.059630436,2.225920151,3.623433483,0.90982,-5.60089,,,1.94,,16170.23833,16170.23833,6872.533333,,56053.96657,525.9,,8088.933333,7090.5,3058.933333,876.9333333,6340.366667,53072.66667,3262.233333,2866.5,4.950066667,4.366666667,4.67,1.916666667,6.637671875,45.74,1121.626406,14
99Q1,1999,1,3824791401,3154402,0.000824725,,,,,,4110165,1581276,,,,,,,552511,,19138,,,,,-107478,,,,3154402,32581124,5081780,252877,,627394,1619086,2582423,,11.0725,2763.9,170.7,436.6,16.6231,6.6677,120,19.853,9.016,114.025,7.238,0.989,8.626,0.399,10592.1,,3.391479051,-3.485768809,2.165352277,5.80083,-2.31608,,112.323,2,,15168.19967,15168.19967,8784.095667,1034.4,64824.5147,1084.533333,2981.133333,9542.9,6636.233333,2098.366667,1537.633333,6093.3,57017.73333,2844.233333,1834.433333,5.3375,4.526666667,4.983333333,1.773333333,6.807,32.98,1260.492623,22.33333333
99Q2,1999,2,3937204933,3244311,0.000824014,,,,,,4061675,1676274,,,,,,,422986,,16236,,,,,307239,,,,3244311,31775987,3622897,159158,,785932,1069548,1608259,,11.0725,5348.3,307.5,1516.9,22.6686,11.2762,120,25.099,16.788,84.039,31.932,1.064,100.62,67.624,10674.9,,2.877094497,1.635360529,1.268411109,0.72613,1.13415,,122.857,2.33,,18765.10167,18765.10167,8409.999,1204.5,60912.10233,1358.266667,3658.066667,11974.23333,6368.733333,3299.5,1688.033333,6926.1,56885.2,4344.966667,4633.8,5.837766667,4.586666667,5.54,2.07,7.201795385,28.9,1329.643651,49
99Q3,1999,3,3950285874,3420027.367,0.000865767,,,,,,4318239,1680108.278,,,,,,,225153.0444,,44372,,,,,254213,,,,3420027.367,32373655.68,2625307,118827,,603032,1004546,898902,,11.0725,6879.7,125,386.8,23.9561,13.3372,100,37.819,12.656,57.272,15.504,5.179,29.996,9.313,10810.7,,4.428410208,-0.380285912,7.128405459,6.51961,2.48097,,116.874,2.32,,18396.86593,18396.86593,5146.028667,953.0666667,62672.57183,358,4399.933333,8909.933333,7074,4042.1,940.9333333,4624.633333,58440.43333,3133.766667,4190.2,6.231266667,4.793333333,5.883333333,2.443333333,7.70840303,28.45,1341.986719,47
99Q4,1999,4,4200281359,3567574.331,0.000849366,,,,,,4469838.184,1608305,,,,,,,131519.2721,,-94433.11029,,,,,8165267,,,,3567574.331,35541597.55,3601168,406745,,1312462,975248,906713,,11.0725,9790.9,4215.8,676.6,35.1202,23.8549,100,29.799,13.625,239.799,19.488,9.081,39.71,11.141,11004.8,,4.540925632,1.852359857,5.435806787,6.97915,6.9486,,144.751,2.3,,11509.154,11509.154,5100.812333,2533.3,35889.23497,924.6,6873.133333,6299.933333,4059.6,2291.866667,1377.1,6598.933333,37457.93333,2720.6,3181.966667,6.4717,5.203333333,6.14,2.48,7.941195455,28.75,1374.098594,50
00Q1,2000,1,4299640062,3521091.329,0.000818927,,,,,,4555716,2254653,,,,,,,640811,,16664.86301,,,,,-253134,,,,3521091.329,40285917.64,5495115,126908,,1918772,1271266,2178169,,19.9885,4778.9,140,961,40.3251,27.927,42.44,26.657,15.637,105.43,13.699,2.877,26.574,9.998,11033.6,,5.266037569,6.790715451,3.952905106,11.01907,5.54598,,152.805,2.88,,15817.41033,15817.41033,5439.428667,4445.866667,56514.023,223.3666667,3865.8,9226.133333,4096,3092.033333,1074.2,8779.533333,44965.06667,3101.166667,2863.966667,6.678733333,5.696666667,6.48,2.663333333,8.200528125,27.01,1420.001429,41
00Q2,2000,2,4373396168,3593322.256,0.000821632,,,,,,4777640,1866362,,,,,,,-9843,,20327,,,,,-70542,,,,3593322.256,34361546.43,4508691,136814,,1891225,1338124,1142528,,19.9885,14352.3,741.4,329.4,40.5138,27.899,69.88,62.777,25.271,387.834,11.815,0.928,53.63,40.887,11248.8,,3.453935726,0.632376346,5.745268778,4.73445,1.14114,,146.767,4.34,,17655.65667,17655.65667,2628.798333,1528.033333,56600.08433,180.6333333,3790.466667,7646.7,5102.266667,2030.133333,1116.266667,8968.6,48141.3,5274.2,4089,6.421233333,5.89,6.176666667,3.223333333,8.465760938,33.49,1446.593651,31
00Q3,2000,3,4475624438,3747934.713,0.00083741,,,,,,4880505.442,1963116.481,,,,,,,1198190,,31120.20995,,,,,156539,,,,3747934.713,37659382.02,4287647,126950,,1076445,1093269,1990983,,19.9885,6510,1274.5,907.8,40.3356,26.294,29.95,24.029,14.977,95.923,28.009,4.404,41.978,9.565,11258.3,,1.774687294,-0.868590948,1.193474853,2.4389,4.33514,,151.037,5.09,,14917.90667,14917.90667,5071.444333,1332.233333,61604.456,485.9333333,4969.133333,10225.7,6691.833333,3338.733333,992.6666667,6851.333333,57176.7,8100.333333,6065.666667,6.118233333,6.2,5.893333333,3.943333333,8.14626875,21.88,1475.978889,44.66666667
00Q4,2000,4,4657207042,4408515.062,0.000946601,,,,,,5076602.293,1685540.744,,,,,,,337020.3333,,15203,,,,,-1187579,,,,4408515.062,40898894.49,3916674,361525,,1274062,1641480,639607,,19.9885,21071.2,8.5,1103.5,37.1977,22.112,33.49,64.394,15.879,72.576,34.894,8.819,70.2,26.487,11325,,2.602032768,2.576765682,0.928600463,-1.14745,4.78752,,132.828,10.5,,15645.43333,15645.43333,2269.528,1409.933333,55063.12303,243.3333333,4480.133333,8382.633333,3091.666667,4655.666667,1971.8,9089.4,50890.83333,9025.7,3802.366667,5.766633333,6.196666667,5.566666667,4.916666667,7.914159375,31.74,1366.310635,15.66666667
01Q1,2001,1,4988877130,4210236.896,0.000843925,209382.5,,,,,4704612.46,2482452.951,8721260,8014602,,,,,515041.7206,204209,1245.271233,1247630,2174666,,,-143057,6566096,,,4210236.896,43669751.86,7221909.677,407802,,2171584,1210472,3432051.677,,15.344,1365.7,15.5,766.6,27.8785,12.787,18.74,23.425,15.688,271.192,9.087,0.15,10.549,1.312,11287.8,,3.711527375,2.855395007,5.427719675,-4.38877,1.85662,,122.589,5.36,,31709.94767,31709.94767,9857.170333,1105.6,79199.95333,713.4,1965.3,15064.63333,10483.53333,6953.6,2050.333333,16471.1,69061.16667,9230.7,5723.5,5.304266667,4.946666667,5.05,5.423333333,7.435560938,32.84,1273.325323,6.666666667
01Q2,2001,2,5103751010,4522728.685,0.000886158,417854,,,,,4776856,2258765,8702087.989,8152989,,,,,675521,341152,20001.8427,1230399,2321495,,,784560.191,6553529,,,4522728.685,38862940.52,3990491,262990,,1063943,1274228,1389330,,15.344,6293.4,2462.5,1891.8,27.8834,11.324,28.74,15.803,7.733,43.573,14.396,5.562,41.444,21.486,11361.7,,0.392326824,-0.968275879,2.664030794,-0.046,-1.07476,,130.85,2.98,,33332.93167,33332.93167,11876.06667,1217.033333,80259.60567,1142.8,2722.666667,13531.26667,12278.36667,7295.7,1869.166667,14252.03333,71236.3,5426.266667,8142.433333,5.499933333,3.746666667,5.27,4.223333333,7.489574603,34.72,1234.251111,8.333333333
01Q3,2001,3,5416098092,4654223.544,0.000859331,477119,,,,,4696281.589,2380095.767,8921350.744,7336019.522,,,,,438627.2444,325552.9333,-52391.93333,2703868.878,2811180.156,,,425666,6628222.356,,,4654223.544,41215215.02,4076348.267,365069,,921333.4444,1328247.633,1461698.189,,15.344,2422,405.1,1244.8,24.6001,8.345,24.82,21.64,12.62,38.23,10.73,1.85,16.64,4.06,11330.4,,0.294067372,-4.156402905,2.172433617,-0.49283,-1.41283,,103.831,1.82,,21784.83367,21784.83367,3313.542,943.3333333,68218.14567,380.4666667,1780.466667,12248.8,7650.5,3296.933333,1920.466667,3029.333333,60111.83333,3198.933333,4522.7,5.244266667,3.24,4.98,3.203333333,7.264781356,43.74,1153.707119,4
01Q4,2001,4,5312752641,4778900.29,0.000899515,592951,,,,,5066170,2082089.324,9608722.798,7129185.132,,,,,658660.0515,81867,10822.17279,3175440,3243984.934,,,836364.75,7768907.93,,,4778900.29,42531169.31,1765636,-597862,,462973,978695,921830,,15.344,22032,2863,2245,25.683,8.085,13.04,12.54,22.06,63.52,12.92,0.41,15.91,2.58,11370,,0.612451852,-0.695370509,1.480203777,-1.75051,0.4722,,115.085,2.7,,29085.964,29085.964,6784.537333,1524,71590.8207,691.1,4568.666667,15943.53333,9177.533333,7447.8,1078.666667,9704.733333,70577,7058.6,7667.666667,5.066933333,1.943333333,4.77,3.203333333,7.185962295,35.31,1115.367656,9
02Q1,2002,1,5312710809,4716709.326,0.000887816,643125.5,,187415,33528,,4321946.427,2269041.197,9278146.556,7447412.888,,,,,598326.9918,-242356.2137,-22428.48493,2475193,3004456.192,,,-591285.1973,8806750.948,150924,,4716709.326,44343076.63,4121982,73455,,716495,1196615,2135417,,9.9803,4901,444.8,1682.2,23.434,6.713,12.17,19.42,8.23,23.65,4.38,5.17,10.14,0.59,11467.1,,0.621375788,-0.633758483,1.686002783,-3.10625,3.63072,,117.469,3.2,,25785.57933,25785.57933,6031.719333,794.1333333,84914.594,720.9333333,2739.066667,14335.8,9164.666667,3752.8,952.9333333,5309.933333,72153.86667,3664.933333,5622.3,5.386833333,1.756666667,5.076666667,2.363333333,7.584493333,26.09,1132.214833,5
02Q2,2002,2,5433611363,4845902,0.000891838,776523,,281856,42784,,4593602,2312778,9922861,7997176,,,,,540284,61404,-6884,2619751,3075278,,,1469911,7580151,172409,,4845902,43415331,2743961,22247,,620275,1367653,733786,,9.9803,2651,219.2,1241.3,21.985,6.019,15.9303,11.6,2.99,37.29,1.7,0.06,2.18,0.42,11528.1,,2.299656721,4.054768316,3.356538146,4.39433,6.53667,,93.863,3.21,,20657.43733,20657.43733,7624.833333,326,77497.9016,1600.933333,9085.366667,10696.16667,10281.9,5039.366667,1340.233333,3460.366667,78081.7,3471.466667,7948.766667,5.349033333,1.746666667,5.1,5.153565891,7.6119125,28.42,1070.149844,11
02Q3,2002,3,5500375898,5017788,0.000912263,1067537,,249009,42524,,4338970,2185508,1659236,6785858,,,,,540459,655039,-27063,3323420,2078733,,,-6291368,7362128,161477,,5017788,32093066,1698650,122121,,-129059,1131225,574363,,9.9803,2010.2,206.6,1003.8,19.9453,4.531,12.8951,15.89,2.33,35.14,3.63,0.05,7.43,3.75,11586.6,,1.199429189,2.628628292,3.42778869,3.27891,3.69119,,76.274,4.07,,12837.42667,12837.42667,1729.133333,60.6,72617.05467,126.9666667,7709.4,4247.966667,4541.633333,3317.466667,708.2,1340.533333,71524.13333,985.6333333,5391,4.533533333,1.673333333,4.26,2.883333333,7.279873438,45.08,895.4907813,2
02Q4,2002,4,5598966940,4984049.18,0.000890173,1271857,,218650,154652,,4153049,2403737.059,7763791.059,7053170,,,,,1001024,718078,-60402,3999113,1503686,,,789891,10320040.32,30566,,4984049.18,42870719.56,1709527,-98343,,357996,1348831,101043,,9.9803,6061.9,327.4,683.7,19.277,4.497,17.086,7.62,0.98,11.42,6,1.22,7.78,0.56,11590.6,,0.139815878,1.500458434,3.816041621,0.73095,3.44631,,77.087,4.59,,14116.60733,14116.60733,4982.333333,261.2333333,79563.30733,370.9666667,6402.133333,9690.633333,4474,4043.533333,199.9,2074.133333,80289.33333,2233.066667,7728.733333,4.2956,1.356666667,4.006666667,3.596666667,7.04480625,42.64,886.528125,6.333333333
03Q1,2003,1,5762843240,4752638,0.000824704,1208590.5,,95812,70930,,4130312,2274077,7416866,6773749,,,,,1646008,39389,-34511,3719872,1822268,,,-2234304,8894446,127048,,4752638,42786930,3995990,157147,,943483,1317588,1577772,,7.1118,,166.4,292.9,18.4557,4.314,11.6088,14.84,1.85,2.59,6.45,3,11.47,2.02,11638.9,,-0.187710641,-2.102150895,2.427634493,0.09232,-2.56455,,70.056,5.01,,18448.975,18448.975,7852,365.2666667,103703.1817,360.1333333,4264.233333,13070.43333,7316.766667,5437.366667,836.7,3928.466667,93335.4,5368.7,8331.833333,4.1588,1.176666667,3.92,5.48,6.470656452,34.69,860.7603279,1.666666667
03Q2,2003,2,6140808670,4904913,0.000798741,1232815,,136433,80259,,4348881,2677600,7726980,7971041,,,,,1695550,636485,-61027,4106239,1101227,,,1428980,9294705,125964,,4904913,45567863,3794150,-5359,,535916,1283961,1979632,,7.1118,0.8,154.1,708.7,19.2769,4.967,19.5187,11.98,1.96,66.17,4.71,1.09,7.81,2.01,11737.5,699,0.279421758,5.079494933,4.942828809,1.65291,0.93883,233.2,77.456,5.35,28.16,22692.51967,22692.51967,14257.86667,3416.166667,105625.235,1379.9,8248.166667,19543.06667,11774.7,7479.7,2363.166667,3333.633333,101524.3,5053.966667,11067.2,3.804566667,1.06,3.62,4.883333333,5.652985714,29.13,937.9942857,1
03Q3,2003,3,6165886411,5103120.556,0.000827638,1196651,,115030,209142,,4421071.372,2723188.122,8022609.294,8010955.094,,,,,4399096,-425425.8444,-51996.48333,4401806,3484029,,,863231,5808964.222,127827,,5103120.556,46728640.21,2774499,216023,,231427,1400023,927026,,7.1118,,34.2,1748,19.9047,4.803,18.0424,14.27,0.64,12.32,0.57,0,0.84,0.27,11930.7,766,1.845926008,1.504413378,4.977995827,-0.62247,3.43154,232.63,79.761,4.68,28.34,12963.11333,12963.11333,11333.5,2411.6854,87233.51967,519.7333333,14618.86667,12588.06667,6492.433333,5924.666667,771.1333333,6167,95358.76667,6148.033333,10310.53333,4.4081,0.95,4.233333333,4.71,6.02040625,22.72,1000.379219,6.333333333
03Q4,2003,4,6240821048,5039453.647,0.000807499,1940668,,119487,190282.761,5.8125,4795770.779,2627358.294,8651211.496,8073729.798,,,,,360423.4485,831634,-24966,3935356,3552050.526,,,374736,11508318.75,139646,7.75,5039453.647,49856365.45,2478584,138071,,432909,1184763,722841,,7.1118,1175.5,545.2,986.9,19.643,5.55,21.4314,13.27,0.52,15.6,0.59,0,3.82,3.23,12038.6,1004,2.860368241,4.432294974,4.886635567,5.01082,4.47064,260.54,83.895,5.8,30.48,13776.63733,13776.63733,10163.5,1580.333333,88228.91733,764.9,18473.26667,14754.9,7491.166667,4538.9,1159.966667,5266.933333,102337.8667,8697.633333,13354.86667,4.436433333,0.933333333,4.286666667,4.446666667,5.836814516,21.07,1056.453125,16.33333333
04Q1,2004,1,6668279758,5018543,0.000752599,2770452.5,,106794,140151,,4911154,3072119,8544578,8756688,,,,,967123,589214,-60263,4595164,2672979,,,24133791,10346052,121154,,5018543,50939944,3973018,263196,,-228988,1751148,2187662,,15.325,352.4,521.1,1755.1,19.7598,5.19,63.625,14.22,0.73,9.37,7.43,0.03,10.09,2.63,12117.9,934,2.069871585,4.144384085,2.984399558,7.15412,8.9915,282.12,88.009,5.65,32.53,10337.07667,10337.07667,13245.76667,1894.366667,96169.35533,1029.933333,26854.8,9789.8,8410.1,6009.5,1416.333333,4059.466667,111560.6667,4941,12124.16667,4.153666667,0.93,4.02,5.116666667,5.452570968,21.58,1132.671774,11.33333333
04Q2,2004,2,6938178244,5249498.822,0.000756611,2904131.5,,79673.46667,151829,,4858667.156,3253376.556,11336321.13,8896154.778,,,,,1226626.689,1345029.511,-799.2888889,3080191,5279563.622,,,2223154,10897331.29,142072,,5249498.822,56208002.04,2987718.333,511841,,2666158.333,559170,-749451,,15.325,892.3,143.1,1109.4,19.8446,6.212,33.6066,20.3,2.83,10.95,4.78,0.39,5.76,0.59,12195.9,1738,2.203087025,-0.0516687,0.956658122,3.47572,6.90407,286.36,89.176,6.03,33.51,7421.786667,7421.786667,9217.366667,1548.2,94845.918,840.8666667,31015.66667,8604.9,7355.733333,3053.466667,867.2333333,1779.5,124256.8667,4404.266667,15396.53333,4.751966667,1.096666667,4.6,5.416666667,6.084141935,19.96,1123.196452,17
04Q3,2004,3,7274662222,5542095.779,0.000761835,2908729.5,,98163.68508,18553,,4954846.028,3081850.917,10472636.23,7968327.917,,,,,492231.9503,396228.4807,-15686.8011,5048450,2116939.68,,,13470488,10448568.18,108505,,5542095.779,49550450.44,1292298,297187,,917091,1019901,-941881,,15.325,,,484.6,17.5593,4.843,45.8534,27.4,1.43,7.1,2.833,0,5.263,2.43,12286.7,1899,1.479628644,0.393323483,0.013060275,2.75767,4.91546,337.73,86.152,6.45,47.49,12623.75067,12623.75067,7832.033333,697.7666667,113959.7433,551.0666667,43967.26667,7839.833333,8268.9,3362.4,979.2,4263.466667,150222.1667,3956.4,13160.13333,4.446066667,1.513333333,4.303333333,5.4,5.7706875,19.34,1103.908125,19
04Q4,2004,4,7643750726,5250033.198,0.00068684,2909159.5,,9083.717949,134888,,4957949.322,3334185.615,13030816.75,10409917.38,,,,,476146.1062,804036.1758,64937.5641,4807667,3680221.744,,,3705736,12582092.41,135317,,5250033.198,59926146.47,2689670.813,-373442,,-372546,1379961,2055697.813,,15.325,,,1255.2,18.9795,5.784,40.508,24.85,2.81,8.64,4.67,0.1,7.46,2.69,12387.2,1413,1.383570594,-0.855916707,2.535881349,4.86371,5.64042,310.47,87.846,6.01,40.24,10361.10033,10361.10033,12187.7,2157.933333,66173.36957,325.1333333,74455.2,9788,7557.766667,4269.466667,1164.633333,6840.1,140216.7333,5262.866667,13125.1,4.3003,2.04,4.173333333,5.883333333,5.439538462,16.57999992,1162.652188,23.66666667
05Q1,2005,1,7952489411,5126524,0.000644644,2950035,,75709,145959,7011,5324689,3363697,9986058,9198539,,,,,766380,164809,8802,3979481,4706921,,,-1040141,11276367,116367,2970,5126524,58512346,5920094,543573,,607163,2665019,2104339,13.3702,7.5059,,,679.2,19.0754,5.026,55.57,26.55,2.12,23.99,6.3,0.29,11.08,4.49,12515,1530,0.760653425,0.798038915,2.468229616,2.34351,0.13887,383.62,90.456,7.44,53.05,6670.442667,6670.442667,7702.466667,1521,65838.23633,785.9,93166.03333,5668.466667,6835.8,3158.833333,1178.7,2952.033333,153660.3,4496.6,15181.46667,4.3828,2.583333333,4.296666667,5.826666667,5.430885246,14.64999962,1191.947869,13.66666667
05Q2,2005,2,8112382372,5605363,0.000690964,2951990.5,,71472,217531,6853,5309038,3225337,10248473,9420759,,,,,1272495,847284,11727,4593213,2401817,,,872357,12337404,96426,2538,5605363,55234002,1760062,401898,,535502,828263,-5601,19.4052,37.5101,,,341,26.0462,6.3,79.122,37.641,4.698,16.284,8.079,0.223,8.665,0.363,12570.7,1773,2.982167438,5.350259874,5.052000864,-0.56842,8.78165,379.79,96.897,7,54.85,11131.41733,11131.41733,5203.466667,993.5,71028.30887,406.9666667,105260.4333,6444.166667,6385.633333,3559.733333,482.6333333,1996.333333,180312.6333,2574.266667,22258.33333,4.238466667,2.926666667,4.16,6.303333333,5.458054688,17.73999977,1181.973438,13.66666667
05Q3,2005,3,8349396650,5789942,0.000693456,3030638,,135932,203818,6756,5335579,3463722,10940279,9381671,,,,,597754,576514,4569,4574184,5311077,,,1483321,13049264,94698,2551,5789942,62666345,5606593,705963,,1716032,1606262,1578336,20.3138,23.0398,,,1056.7,26.9765,5.606,36.585,73.504,13.17,90.243,10.645,0.221,11.079,0.213,12670.5,2446,2.435822319,1.290310273,3.250753287,7.19979,-2.14523,469.56,103.694,14.5,62.56,11173.03333,11173.03333,7161.066667,913.2,59653.69797,534.6666667,122028.5333,8659.166667,9664.1,2672.2,519.3333333,2594.433333,187242.5,5348.2,23057.2,4.287266667,3.433333333,4.213333333,7.38,5.482704688,14.17000008,1224.174375,21.33333333
05Q4,2005,4,8402782524,5752471.044,0.000684591,3146686.5,,111770,201049.5515,6698,5329907.25,3413488.765,10920238.09,10022364.79,,,,,1179986.971,2524364.36,42051.66177,2961204,4214699.265,,,2106970.272,12180955.13,95897,2259,5752471.044,59359411.29,2948145.059,-55970,,875336.0588,1546010,582770,25.6464,41.6442,,,676.1,32.0305,5.708,107.76,42.566,3.241,76.1,11.092,0.068,12.05,0.89,12735.6,2406,2.619469796,0.906528251,4.354093677,5.64137,4.72519,431.72,108.885,9.52,58.87,8878.904667,8878.904667,7089.633333,1027.866667,63162.78283,1021.866667,127316.1333,6652.366667,6780.566667,3362.966667,620.3666667,3638.933333,204981.7,4360.6,30737.26667,4.596133333,3.91,4.49,9.766666667,5.882406557,16.46999931,1230.468254,16
06Q1,2006,1,8821203347,5649565,0.000640453,3336477,,100712,95600,7449,5758770,3419839,10158414,10516201,,,,,914723,228038,32426,4940647,6879958,,,634770,13038460,108504,2643,5649565,66676423,6991139,-293490,,3089124,2169863,2025653,24.0437,19.2355,,,913.5,31.2902,6.333,51.06,76.16,1.67,40.02,15.79,0.77,27.57,11.01,12896.4,2998,3.788656169,1.727200388,2.009009027,7.00763,7.28977,442.52,112.654,6.98,64.94,18489.33167,18489.33167,8866.366667,854.5333333,68643.43883,81.9,116224.322,15089.73333,8784.066667,4185.033333,365.9333333,4898.966667,200032.0333,5740.666667,40497,4.6617,4.503333333,4.57,7.096666667,5.968133871,14.56000042,1283.657097,14
06Q2,2006,2,9067258455,6088901.843,0.000671526,3563882.5,,345405,97286,7251,6138917,3478772.337,10305098.67,11188018,,,,,1129504.888,372856.0337,94505,3986230,6636293,,,1562730,14047276.12,131882,2466,6088901.843,66316429.56,5281984,489616,,593097,2398320,1800957,30.6739,50.5645,,,926.2,38.5301,6.93,105.24,61.57,7.938,43.33,22.448,0.096,22.794,0.25,12948.7,3005,4.325307959,1.601265169,1.23074951,7.11703,2.07398,484.68,105.41,5.83,73.28,15397.234,15397.234,9627.8,3351.9,76885.75433,2343.7,117099.126,11766.46667,9921.333333,3431.166667,1308.333333,8896.533333,204001.2333,7899.6,40513.5,5.147133333,4.826666667,5.07,6.123333333,6.483803175,23.80999947,1280.79619,16
06Q3,2006,3,9320258847,6233482.033,0.00066881,3758310,,242759,98056.07778,7093.027778,5593085,3528086.394,10464947.03,10578127.39,,,,,926152.3833,4060299.172,44099.17222,5420316,3460295,,,1852075,12816368.88,90268.17222,2425.577778,6233482.033,66748012.07,5946331,1206574,,2200679,1307393,1231702,35.4585,49.8123,,,292.2,42.3597,6.609,87.96,59.55,0.85,10.65,14.42,0.1,15.3,0.78,12950.4,2220,2.764162271,-0.358126239,0.829217433,0.5492,6.18663,428.05,110.707,3.63,61.37,12168.739,12168.739,5359.566667,868.5,72041.26,1068.2,101396.49,8768.3,7952.1,2797.933333,1774.066667,2963.633333,200594.8667,7057.433333,48791.9,4.963633333,5.033333333,4.896666667,6.173333333,6.431703175,18.63999939,1288.339365,10.33333333
06Q4,2006,4,9708826761,6323163.456,0.00065128,3982663,,167745.875,-1615,7629,6472764.927,3216983.022,10766799.54,11581390.51,,,,,1248966.574,2115151.952,56281.0625,5254915.662,5628651.158,,,805654.2757,14116447.22,138260,2654,6323163.456,70364730.34,5525676.279,408284,,1949810,1414680.625,1721605.654,38.9908,49.5877,,,1563.2,46.772,6.218,171.5,97.87,13.77,88.46,11.32,0.75,39.14,27.07,13038.4,3757,4.233623248,5.414056193,3.835435635,1.80796,6.05504,433.65,114.885,5.5,60.28,17444.285,17444.285,16414.7,1653.433333,79492.26867,2360.2,116984.9643,14643.33333,17349.16667,4858.166667,1147.733333,3457.033333,220923.9333,7542.7,62854.3,4.698233333,5.03,4.63,6.186666667,6.121285484,12.67000008,1388.636984,26.66666667
07Q1,2007,1,10073614208,6256360.756,0.000621064,3698907.5,,293210,70156,7989,6221916.074,3671515.751,10294391.33,13002079.48,229000,,-27697,12999,908955.1452,836462.8904,-17671.13425,4117615,3488207.748,620361,,-2484275.849,15407812.8,120194,2515,6256360.756,70967948.33,8682388.247,339046,668757,2116399,1844425,3713761.247,38.0283,35.1406,,,1955.4,47.4797,7.496,122.39,78.67,8.39,46.69,19.03,0.04,21.16,2.09,13056.1,1615,3.302473412,4.136057205,4.609670017,3.08055,8.2911,468.11,116.153,7.5,68.42,16094.93467,16094.93467,12371.96667,2986.133333,83372.03567,1175.133333,123527.455,14641.5,11111.53333,3546.966667,1473.3,6187.166667,234378.9,6285,60090.4,4.759333333,5.116666667,4.68,6.383333333,6.105241935,19.62999916,1424.381475,17.66666667
07Q2,2007,2,10488757102,6763480,0.000644831,3788911,,214446,122495,8133,7054399,3881544,10487001,14070715,881000,,-20597,116771,910237,1480863,-19234,4604535,4334833,1015464,,1934473,16124197,160998,2903,6763480,75327865,7204806,317434,785420,2105821,1232273,2763858,47.2046,74.7336,,,758.8,55.2564,7.293,184.747,79.153,11.41,13.24,39.7239,4.562,50.2659,5.98,13173.6,774,1.817063251,0.1936681,5.027581441,7.24077,4.98844,489.15,121.152,6.36,73.07,21042.26733,21042.26733,15085.26667,5335.266667,84983.63867,3001.373667,122903.2247,18159.7,19161,7092.766667,3072.733333,2537.633333,256432.2667,8927.3,77229.63333,4.921533333,4.873333333,4.846666667,6.543333333,6.297173016,18.88999939,1497.178413,20.33333333
07Q3,2007,3,10947826240,6977389,0.000637331,4092811.5,,449775,103146,7931,6480057.244,3689767,10498552,11946665.92,-632000,,213721,81171,-1341685,1859930,-67770,4563588,3424790,599293,,6736216,12667993.1,129284,2351,6977389,54569309.26,-3700378,-748571,-4062075,-1442082,2276348,276002,48.1042,50.803,,,2282.8,58.171,7.784,107.24,104.94,5.19,9.23,34.36,1.59,37.31,1.36,13269.8,3217,2.549556024,-1.352473879,4.802664372,0.86232,4.33223,546.13,117.294,6.14,79.79,21650.42533,21650.42533,1698.866667,2042,72874.56733,233.3263333,55776.12767,14973.86667,7352.766667,5533.733333,1812.433333,2553.133333,129572.7,7860.266667,29683.63333,4.836633333,4.423333333,4.73,5.756666667,6.536450794,30.82999992,1489.463492,13.66666667
07Q4,2007,4,11002466130,7350105.195,0.000668042,4401807.5,,-239583.6103,98568,7643,9289482,4266767,10965853.57,13579949.22,508000,,390801,148906,-847592,1457852,-157204,4118595,3033227.735,345686.5,,117798.3235,16369401.36,139137,2778,7350105.195,37346203.08,-28674214,883695,-20044404,-184874,2267818,-11585449,59.4868,93.6345,,,2740.3,70.3161,8.089,49.07,197.79,5.21,26.95,27.44,0.43,34.67,6.8,13326,9589,1.737632686,3.712766512,0.742536342,2.91836,8.36353,610.17,110.966,7.16,94.5,21571.59267,21571.59267,9899.6,5143.333333,55140.62367,659.7,30694.15967,16629.96667,14412.86667,8922,642.2333333,2569.8,88585.03333,7950.966667,15426.26667,4.401833333,3.473333333,4.26,6.37,6.369741935,31.09,1495.747031,28.33333333
08Q1,2008,1,11507334249,7071477,0.000614519,4437258,2854403,481599,225994,7802,8751780,4298414,11422174,12788818,3941977,-2256132,872362,204195,-1506679,-600411,-232357,2454211,2974491,-379924.5,1426,-3579100,19232500,86317,2497,7071477,50668875,-12213552,1029985,-11154514,-213099,2984102,-4860026,55.7488,44.5348,,,538,64.1524,7.8657,52.96,42.83,11.01,19.1,29.53,0.83,32.32,1.96,13266.8,8081,2.077145479,2.71330191,0.343138192,3.05711,6.05744,668.91,92.63,9.83,100.06,27489.569,27489.569,2281.133333,772.3333333,50882.58523,146.4666667,4926.021333,11097.1,8893.4,4839.2,2770.9,4829.5,56769.2,3683.666667,15303.1,3.866566667,2.09,3.663333333,8.01,6.535904918,32.24000168,1350.661639,9
08Q2,2008,2,11246050742,7767157.244,0.000690656,3941758.5,3122133,530442.6667,298633.9778,7706.244444,8552738.156,4273846.867,11611641.73,12957474.8,2655684,5139850,-460536,-142138,285476.5333,1031546.156,-209183.1333,1509686,4777432.378,-923514,17715.5,513831,16354713.11,130949,2629.311111,7767157.244,56745001.98,-8154586,557544,-7162468,438513,1879673,-3863078,58.0687,65.0286,,,494.5,66.1362,7.573,72.14,37.31,0.69,18.61,17.8,0.52,18.88,0.56,13310.5,9143,-1.437567268,-5.173205031,-3.57996537,-1.29303,5.83307,862.81,90.873,13.18,139.55,29884.22567,29884.22567,7226.1,2493.366667,69348.41633,666.6333333,7151.180333,18948.33333,18433.76667,7888.766667,1748.433333,6729.6,69623.7,15132.13333,12262.53333,4.0941,1.653333333,3.886666667,9.73,6.842471875,31.01000023,1371.6275,5.666666667
08Q3,2008,3,12241046779,7933899,0.000648139,3671177,3040062,174163,267319,7248,7815717,3945704,7987483,11961017,2600815,-4221919,843154,275620,-16493,20248,-271896,1468102,3933619,-271530.5,37025.5,16274299,18842413,81750,2647,7933899,50143232,-8906760,279193,-4281674,-539756,2772318,-7141611,63.2659,78.8573,,,319.2,70.7751,7.19,77.9,55.09,11.6,16.28,26,1.17,28.49,1.32,13186.9,9474,-2.365145324,-3.671037353,-6.880660089,-0.32821,5.48565,622.24,85.959,7.18,97.49,11379.71333,11379.71333,1556,1560,16494.292,69.83333333,5889.738667,7089.3,4595.633333,3977.166667,725.5333333,2044.166667,26158,4469.933333,8174.866667,4.048133333,1.52,3.863333333,8.57,7.194767188,46.72000122,1252.02,3
08Q4,2008,4,11400458753,8321461.333,0.000729923,3984571,2947171.667,588509.6667,275343,7476,7358104.333,3824586,10264725.67,10873104.67,-891162,-22772406,3055348,464469.6667,-924632.6667,-2023617,-443360.6667,1582139.667,-307736.6667,-2567205.5,62352.5,-557902,20199278,86062,2840,8321461.333,26385293.67,-26717114.67,714651.6667,-14976171.33,-1900975.333,4941738.667,-15499650.33,55.6351,32.7429,,,867.5,62.2056,5.703,24.51,50.97,0.78,16.37,67.71,2.8,74.34,3.83,12883.5,6278,-6.620140285,-12.44177053,-8.081280782,-5.7337,-12.42068,349.04,67.6,5.63,41.71,21123.55833,21123.55833,437,270,27904.06933,11.76666667,1012.408,10412.3,4642.2,4436.566667,888.9,3932.066667,35940.76667,2963.533333,7299.266667,3.741733333,0.303333333,3.253333333,5.603333333,9.385962903,80.86000061,911.9773438,0.333333333
09Q1,2009,1,13119782900,7020673,0.000535121,4697707.5,6456749,307215,216462,6767,5960080,3623862,11327054,18386102,8019669,-2546471,-248548,40316,2862919,190484,-405387,1991026,5143150,265519.5,87435,-2508434,30436329,96752,8680,7020673,101266902,21040081,4455037,-3353868,4319954,4756060,10862898,44.5795,11.4127,,,417.6,48.3911,3.394,73.07,15.65,1.39,1.04,53.13,3.2,56.8,0.47,12711,5388,-10.732554,-15.01882191,-5.863229219,-23.77159,-5.32579,358.53,61.929,3.59,47.59,53741.727,53741.727,3226.233333,653.8333333,36591.721,0,664.9706667,39712.93333,12815.73333,8696.1,1824.266667,5590.3,47782.83333,11748.16667,15405.56667,3.231166667,0.216666667,2.736666667,3.893333333,8.96232623,56.65000153,807.6659016,1.666666667
09Q2,2009,2,13006599099,7259673,0.000558153,5244433.5,7425754,447920,230329,7874,6238802,3701994,11517724,21818540,-8133806,10409000,-3260295,-154015,1306766,14407678,-261499,-4467,7081044,5776121,36705,9373244,13411739,92486,8470,7259673,100871908,17708968,2282478,597472,2849355,1672989,10306674,38.0838,18.5965,,,384.5,42.6103,4.142,26.26,20.86,0.04,4.05,1.2,0.13,2.06,0.73,12701,4397,-1.122775784,6.310687229,-0.692172092,0.2751,5.61376,450.22,70.183,3.7,68.59,26570.199,26570.199,13166.1,2585.6,40014.69767,1628,5513.292333,19591.43333,20382.63333,4796.8,1513.766667,9321.8,66147.46667,13539.9,22153.53333,3.6435,0.173333333,3.313333333,3.263333333,8.151495238,42.27999878,892.6014286,6.333333333
09Q3,2009,3,13197945764,7793216,0.000590487,5342100.5,7222950,1035599,226283,8081,5368015,4006622,10814047,20681903,1403856,6390950,-1582494,-87838,2035131,355607,-282477,826544,5249914,4828556.5,-5418,-1587807,22277353,76533,6599,7793216,96211596,19906334,2252177,6589462,4374003,1181650,5509042,32.8819,17.2765,,,251,38.2329,5.1,20.33,10.94,7.76,12.42,5.18,0.4,6.19,0.61,12746.7,3944,1.496662039,0.963570581,1.592189644,10.7174,9.57187,462.75,78.73,3.28,68.02,17184.058,17184.058,11383.36667,2563.133333,35222.74433,2078.966667,2040.918333,13146.6,16273.9,8481.833333,2101.466667,5529.366667,50769.43333,14206.9,15385.36667,3.811,0.156666667,3.516666667,3.266666667,6.763229231,31.29999924,995.7482813,7
09Q4,2009,4,13105101851,7275323,0.000555152,5813449.5,7660544,1357690,224237,7524,6327246,3971759,11974325,22489330,1139861,5568089,3209369,-3951623,-2925964,1540921,-308321,1565422,11140776,4242323,9354,1456997,12154096,69056,7187,7275323,78118928,5832936,2873066,1526498,3360557,3225116,-5152758,27.0863,9.6994,,,274.9,32.5372,5.176,44.85,84.91,9.47,84.93,9.04,0.09,9.35,0.22,12873.1,2964,1.595368218,7.12474636,1.662082648,8.33124,10.03578,524.62,83.161,5.83,77.5,16202.35133,16202.35133,13501.53333,2171.766667,24061.78967,1339.6,5516.199,20087.43333,13422.63333,4250.166667,1949.533333,4601.066667,42709.8,13200.23333,14816,3.6823,0.056666667,3.46,4.23,6.133254839,30.69000053,1088.304603,10.33333333
10Q1,2010,1,13622024840,6706530,0.00049233,6155640.5,8332095,791732,231051,7928,6155507,4250187,11836869,20402506,2396266,5612799,-206127,-161549,180709,441124,-270386,45132,5431137,4151202,4216,-2155435,27123769,74840,7649,6706530,105822772,27512570,2349867,12544226,4601496,5863668,2153313,23.0536,10.9555,,,196.9,27.9775,4.727,27.89,40.96,12.77,26.65,7.73,0.1,8.64,0.81,12947.6,2496,1.909301662,5.105846283,2.390985759,3.55485,6.94699,530.16,90.599,3.92,81,21620.17067,21620.17067,17101.6,2465.133333,27566.79267,4080.033333,7370.859667,22062.8,13231.7,5789.933333,1985.366667,6052.9,55574.86667,8076.033333,22328.66667,3.8663,0.106666667,3.716666667,5.23,5.779009836,27.30999947,1123.593607,11.66666667
10Q2,2010,2,13396100852,6772852,0.000505584,5933209,9054623,722551,354297,8300,6405146,4055350,11290612,19967536,3126907,1646295,297468,413187,38401,349245,-375659,93868,4240420,3287421.5,56592.5,6390311,29797722,78053,7444,6772852,92690566,13741802,841542,5111545,1849281,6293517,-354083,21.8996,18.4375,,,93.2,29.1448,7.152,47.45,23.6,11.1,43.25,1.65,0.01,7.06,5.4,13019.6,2407,4.171120799,5.067998679,2.881168327,6.1226,6.46006,495.18,86.809,4.53,74.82,14290.58833,14290.58833,11221.06667,1388.566667,18879.042,1531.9,3401.466,12535.96667,13059.96667,4169.5,697.3,5768.666667,31988.7,9702.733333,12265.86667,3.6154,0.146666667,3.49,4.203333333,5.553480952,45.79,1134.584921,15
10Q3,2010,3,13769340803,5843248,0.000424367,5487629,9108911,881467,287846,8835,7003642,3910148,10695250,20049522,3370566,7551404,-632264,-262777,1518212,1164567,-372667,188880,3508666,3568079,112817,1012517,24984562,54200,8074,5843248,88038339,12465870,1600457,3838316,5855664,-2158454,3329887,20.7699,17.381,,,473.8,26.5227,5.279,45.07,31.63,1.4,14.95,21.08,0,26.48,5.4,13103.5,2907,1.505733823,4.67492702,2.471695018,2.9826,3.57142,546.06,88.2,3.86,82.42,26760.88467,26760.88467,19475.03333,1870.533333,28853.80233,2639.466667,5930.474667,20650.73333,26399.2,6714.133333,3099.033333,5895.966667,56997.83333,15318.76667,27265,2.8987,0.156666667,2.786666667,4.216666667,5.072234375,32.86,1096.246875,15.33333333
10Q4,2010,4,13372666732,5443202,0.000407039,5205259,9412923,810571,331984,8514,7451763,4638854,12324929,24877987,1533324,5794420,-444391,30449,-2077359,763887,-335130,-35522,3941166,3093007.5,93319.5,-345876,26065608,79443,7480,5443202,88128655,8920859,729714,839669,4447568,4322003,-1418095,18.7697,12.7688,,,1213.6,25.6253,5.642,70.88,49.16,4.25,33.38,9.85,0.16,15.41,5.4,13181.2,2521,1.394613298,-1.108202921,-1.728514652,4.50448,4.7029,631.83,97.434,4.23,95.5,23934.46133,23934.46133,21838.9,1752,20717.13333,2643.666667,5971.698333,21987.6,23825,5421.966667,2931.2,4584.6,41192.7,12030.2,14806.76667,2.952,0.136666667,2.863333333,4.283333333,5.039379032,23.54,1204.585625,23.66666667
11Q1,2011,1,13632388225,5325770,0.00039067,4944808.5,9205828,808500,316021,8976,7784503,4476659,13678001,21832606,1835350,5644211,-364476,-388268,-389510,568046,-425114,273473,3942841,1979523,77469.5,-1811840,23599417,66609,8031,5325770,99653129,22323452,2721705,5480660,6447198,749653,6924236,17.9021,15.2994,,,2063.3,26.6674,6.702,103.57,44.61,6.3,9.51,6.08,1.73,8.09,0.28,13183.8,4637,2.591787129,-7.954236455,1.975716775,2.0573,3.88369,725.62,96.056,4.31,118.4,25055.70967,25055.70967,17674.56667,1811.433333,34748.99667,4734.633333,3623.631333,25044.53333,24064.66667,5809.133333,1830.4,7859.7,62552.06667,20213.43333,27107.13333,3.532366667,0.126666667,3.46,4.22,5.397133871,29.4,1302.528871,16.66666667
11Q2,2011,2,13814891410,5626570,0.000407283,4727933,10246152,880981,326893,10735,8329074,4550082,14272157,22576380,842707,3938463,-37899,15878,-12784702,1224316,-284845,208566,2263210,-3933760,68452,824726,27052422,78597,-1763,5626570,84582041,14542667,1388838,4256084,4149418,1143731,3604596,21.6501,32.894,,,705.3,30.3614,8.006,83.23,49.32,13.92,37.53,36.24,0.01,44.06,7.81,13264.7,4598,0.948059118,-2.095873819,0.294412648,5.526,2.74721,668.85,93.755,4.28,111.38,26641.017,26641.017,19352.46667,1330.3,30287.62967,3791.2,1463.928667,22517.56667,22796.86667,7354.5,1746.9,6317.5,51420.3,14115.16667,20808.8,3.2836,0.046666667,3.21,4.123333333,5.147253968,22.73,1318.332857,23
11Q3,2011,3,13892263373,5826438.167,0.000419402,4682430.5,9992315.028,498027.6389,309337.2778,9532,8135996.111,4298163.722,13966498.06,19176564.69,5567739,-3022912.056,1329461.472,1273828,833265.5278,167227.7778,-398267.75,39830,-2669771.806,-3308342,41955.5,-503654.6111,35697396.36,64111,8826,5826438.167,89636785.61,8967341.278,2126452,2860873,-2651676.778,4889686.222,1742006.833,20.6851,17.7902,,,57.1,28.4342,7.692,83,58.98,3.63,9.55,18.75,0.06,19.36,0.55,13306.9,4105,0.313760537,9.51153427,2.094507535,4.91347,0.31525,591,84.027,3.67,106.26,26359.24833,26359.24833,5509.066667,688.7333333,23631.851,1737.3,5439.961667,15575.03333,11399.63333,4296.233333,968.1666667,4231.2,37073.13333,5221.933333,10810.23333,2.4968,0.023333333,2.426666667,4.096666667,4.872784375,48,1225.268438,8.333333333
11Q4,2011,4,13679328236,5754589,0.000420678,4797446,8794483,798744,234188,8721,7464601,4333991,13572665,16927461,2198690,6575718,-455814,-74105,596302,456669,-471271,-6639,3132007,3873859,38643,21151,25684476,50348,4990,5754589,78112682,4952358,1641108,-2802776,3044753,3030740,38533,21.887,25.4928,,,63,29.044,7.094,119.94,49.02,5.49,8.69,18.66,0,19.67,1.01,13441,3005,-1.346408366,-1.159813588,-1.425291413,2.95175,1.77136,644.91,93.023,2.98,108.68,24109.65567,24109.65567,8670.466667,1208.533333,22126.88633,2012.833333,1547.840333,20014.06667,16613.56667,4152.933333,977.5,4091.166667,33081.63333,12759.13333,14237.56667,2.095266667,0.013333333,2.046666667,3.37,4.980598361,45.45,1225.651111,12
12Q1,2012,1,13878570544,5496176,0.000396019,4542558,8533200,873546,261746,9050,7013432,5181251,14915591,21342411,-854714,7547143,-1254466,-833913,1970440,427879,-238781,77130,4268817,5297782.5,51222,-916601,19598689,,13494,5496176,93212128,17586167,2249839,723187,5508922,1910454,7195765,21.4158,20.002,,,584.6,28.1874,6.187,32.32,37.99,0.34,15.66,9.79,1.03,11.25,0.43,13506.4,4822,-0.041368844,5.168488177,-1.203709203,4.85704,0.9358,688.71,100.603,1.98,124.86,28324.92267,28324.92267,20004.36667,1544.833333,41016.20567,5348.633333,5928.084,21970.83333,30399.1,6956.5,2493.866667,8089.933333,72759.93333,21439.63333,30089.46667,2.058633333,0.066666667,2.036666667,2.533333333,4.695104839,22.97,1348.783548,16.66666667
12Q2,2012,2,13795582939,5605621,0.000406334,4509313.5,9236541,759806,180602,8858,7258483,5252268,15205452,21101663,2416743,5682486,343996,249594,-319071,-183653,-78615,118427,1892491,5169914.5,45159,-1100134,31119446,145590,-2852,5605621,90899705,8658523,869245,-1240822,1471517,2960969,4595614,27.6172,46.2216,,,347,35.2752,7.311,41.59,74.32,0.27,46.76,13.56,0.14,14.09,0.39,13548.5,4765,-0.712259547,0.312892259,-1.49423585,3.54538,2.77989,599.44,99.431,2.74,97.55,27689.28867,27689.28867,11203.43333,1662.233333,36538.36433,2902.1,1562.630333,20918.5,23954.06667,4039.633333,1159.9,5591.9,45808.4,16019.86667,11337.13333,1.8265,0.086666667,1.823333333,2.123333333,4.519752381,26.66,1349.678571,13.66666667
12Q3,2012,3,14435538525,5670386,0.000392807,4324808.5,9182760,777664,347456,8657,7173353,5374259,16680497,21445860,1807400,7876891,-943153,-897409,2259209,-150371,-2298,319041,3087081,5410532.5,29844,-819853,30705467,57954,5574,5670386,99092412,11806682,540862,-654136,4021431,1416274,6482252,29.8365,36.4944,,,92.8,36.4173,6.488,42.09,55.08,14.06,17.21,18.64,0.01,19.08,0.43,13652.5,2993,-0.515508994,-3.513938353,4.060666158,3.4,1.5,665.73,104.098,3.06,113.3,33052.53333,33052.53333,23398.66667,1646.433333,35780.19833,5635.2,4669.649667,28814.53333,25727.03333,7647.266667,2691.533333,7744.633333,63899.86667,15144.03333,22551.56667,1.640133333,0.103333333,1.643333333,2.72,4.181404762,20.47,1400.942857,13.66666667
12Q4,2012,4,14243483061,5666496,0.000397831,4598328.5,9600450,896137,180239,9277,7051210,3599290,12988920,22744162,1911753,9342062,-701818,1301614,-274400,989840,191663,201979,3775878,5254685,4343.5,3486273,34589296,,5227,5666496,99396154,10631619,1097000,1763542,2639731,1093695,4037650,27.9685,22.3646,,,267.1,34.6356,6.4,56.34,42.98,0.86,9.91,17.37,0.08,18.25,0.8,13656.8,2125,,,,,,646.58,103.67,3.44,112.84,42206.62167,42206.62167,23799.8,2510.766667,36832.01667,3285.433333,5231.290667,30301.13333,33549.9,5918.533333,2280.766667,9575.733333,65064.53333,14423.9,25509.66667,1.688566667,0.086666667,1.706666667,3.243333333,3.877313115,,1418.139032,15.66666667
,,,,,,,,,,,,,,,,,,,,,,,,,,,,,,,,,,,,,,,,,,76.1,,,,,,,,,,,,,,,,,,,,,,,31693.501,21686.25,1148.4,58901.99,1279.55,2664.425,31579.5,23667.05,6586.25,910.95,11003.4,80315.55,20337,28338.85,1.949566667,,,,,,,
