year,quarter,date,assets,nii,credit_loss_allowances,card_interchange_fees,earnings_life_insurance,atm_fees,check_printing_fees,fiduciary_activities,sale_mutual_funds,insurance_commissions,investment_banking_fees,net_chage_fair_value,ng_assets_fv,ng_credit_derivative,ng_sale_loans,ng_other_assets,ng_other_real_estate,net_sec_income,net_servicing_fees,res_mortgages_closed,res_mortgages_open,other_adj_equity,other_nii,rent_other_real_estate,safe_deposit_rent,service_charges,total_tr,tr_comm,tr_credit,tr_equity,tr_foreign_ex,int_rt_exp,vc_rev,pca_priv_ewma_iss_nonvc,pca_piv_eq_iss_nonvc,pca_priv_place_fin_lp_sdc,pca_priv_place_fin_sdc,pca_priv_place_sdc_nonfin,pca_total_iss,pca_priv_vc_pwc,pca_cash_val_ann_dom_merg,pca_cash_val_comp_dom_merg,pca_liab_val_comp_dom_merg,pca_stock_val_comp_dom_merg,pca_cash_val_for_comp_merg,pca_liab_comp_for_merg,pca_comp_for_merg,pca_stock_val_comp_for_merg,US GDP,pca_baltic_dry,euro_area_gdp,jp_gdp,gb_gdp,mx_gdp,la_gdp,pca_gsci,pca_msci,pca_hhub_nat_gas,pca_brent_crude,pca_nf_junk_iss,pca_nf_unrated_iss,pca_fin_inv_iss,pca_fin_junk_iss,pca_fin_unrated_iss,pca_iss_dom_mfg,pca_iss_dom_elec,pca_iss_dom_trans,pca_iss_dom_tele,pca_iss_dom_fin,pca_nf_for_us_corp_iss,pca_fin_for_us_corp_iss,pca_3mo_tr_yield,pca_10yr_tr_yield,pca_us_nat_gas,pca_bbb10yr,pca_vix,pca_sp500,pca_us_ipo,pca_us_dpi,pca_us_dpi_nom,pca_us_ur,pca_us_inflation,pca_us_corp,pca_us_mort,pca_us_hpi,pca_us_cre
1990,1,90Q1,,,,,,,,,,,,,,,,,,,,,,,,,,,,,,,,,,,0,,,,,,-0.025954504,,,,,,,,4.244562869,,5.534158514,-1.889517999,4.806360748,8.98495,-7.87309,,,,,,,,,,,,,,,,,-0.001246365,0.030075188,-0.211367673,,-0.113394495,0.039283237,0.431818182,-0.127616847,-0.240866268,0.006289308,-0.431540033,0.008132839,0.00965382,0.004158376,-0.008836497
1990,2,90Q2,,,,,,,,,,,,,,,,,,,,,,,,,,,,,,,,,,,0,,,,,,-0.176954733,,,,,,,,1.599311379,,1.839139772,13.22538049,3.341822064,8.96593,-23.24771,,,,-19.2167094,,,,,,,,,,,,,-0.036605657,0.003073377,0.027027027,,0.509519868,-0.039779591,-0.26984127,-0.892039428,-0.231583599,0.06875,0.765272558,-0.002532322,-0.017927841,-0.003486882,-0.004113311
1990,3,90Q3,,,,,,,,,,,,,,,,,,,,,,,,,,,,,,,,,,,0,,,,,,-0.039125,,,,,,,,-0.006109596,,3.761731699,6.877547463,-3.986772137,5.56901,25.28736,,,,63.41887575,,,,,,,,,,,,,-0.065630397,-0.035235542,0.25877193,,-0.068275295,-0.057519395,-0.586956522,-10.2702137,-0.527670917,0.076023392,-0.0174103,0.010422467,-0.023655587,-0.005940466,-0.004111612
1990,4,90Q4,,,,,,,,,,,,,,,,,,,,,,,,,,,,,,,,,,,0.182389937,,,,,,0.134772993,,,,,,,,-3.458721217,,2.282749962,-0.757755993,-2.114597946,5.18165,-3.75825,,,,24.751992,,,,,,,,,,,,,-0.139556377,-0.045256054,-0.116724739,,0.065332549,0.112840189,0.526315789,-1.462485873,0.478396503,0.076086957,-0.565933527,-0.035283944,-0.039498286,-0.009506072,-0.0094676
1991,1,91Q1,,,,,,,,,,,,,,,,,,,,,,,,,,,,,,,,,,,0,,,,,,-0.332607283,,,,,,,,-1.923663822,,2.793027242,3.531085653,-2.651523239,1.10707,-10.9321,,,-0.189781022,-36.20982073,,,,,,,,,,,,,-0.075725027,0.014137214,-0.130177515,,-0.444198895,0.074892353,2.551724138,1.482260007,0.450801452,0.035353535,-0.207765718,-0.023334234,0.006407657,0.002761442,-0.009472837
1991,2,91Q2,,,,,,,,,,,,,,,,,,,,,,,,,,,,,,,,,,,0,,,,,,0.289894074,,,,,,,,2.727213317,,1.193457358,4.83076936,-1.571824549,6.26275,20.79394,,,0.531531532,-9.384804738,,,,,,,,,,,,,-0.034282394,-0.023370234,-0.011337868,,0.053180915,0.018204933,-0.067961165,-0.724298677,-0.291966778,0.004878049,0.287292353,-0.037148164,-0.041102515,0.002833634,-0.033730216
1991,3,91Q3,,,,,,,,,,,,,,,,,,,,,,,,,,,,,,,,,,,0,,,,,,-0.024192116,,,,,,,,1.695609504,,-0.110461592,-0.882580293,-1.427958599,0.7458,11.36921,,,-0.011764706,5.342169605,,,,,,,,,,,,,-0.157039711,-0.07472712,0.309633028,,0.034450212,0.004036338,0.447916667,2.105186004,0.497270671,0.033980582,0.089577652,-0.054884467,-0.060766515,-0.003785201,-0.033739781
1991,4,91Q4,,,,,,,,,,,,,,,,,,,,,,,,,,,,,,,,,,,0.32822695,,,,,,-0.036209798,,,,,,,,1.577281167,,3.858613718,2.839069146,0.956806211,7.4228,-6.87866,,,-0.196428571,3.781849445,,,,,,,,,,,,,-0.143468951,-0.005898367,-0.238178634,,-0.097171533,0.064209691,0.115107914,1.355986714,0.612710236,0.037558685,-0.185105111,-0.006207718,0.022639821,0.000174724,-0.022872302
1992,1,92Q1,,,,,,,,,,,,,,,,,,,,,,,,,,,,,,,,,,,0,,,,,,-0.175626563,,,,,,,,4.463405237,,6.176320153,0.124460529,1.087834324,-0.03501,0.0442,,,0.140740741,-12.99025892,,,,,,,,,,,,,-0.0575,0.010041077,0.045977011,,0.018191006,-0.004639697,-0.116129032,-0.499707117,-0.372975403,0.031674208,0.136723598,-0.020700187,-0.024938747,0.001387289,-0.022873076
1992,2,92Q2,,,,,,,,,,,,,,,,,,,,,,,,,,,,,,,,,,,0,,,,,,0.22741326,,,,,,,,4.318433322,,-3.018518698,1.4079899,0.301667661,6.72259,-2.17222,,,0.62987013,11.49351183,,,,,,,,,,,,,-0.164456233,-0.103027564,0.167032967,,-0.21191067,0.017210794,-0.328467153,-0.336973052,-0.205867994,0.004385965,-0.007720879,-0.080855796,-0.068922193,-0.002398167,-0.026916558
1992,3,92Q3,,,,,,,,,,,,,,,,,,,,,,,,,,,,,,,,,,,0,,,,,,-0.129303107,,,,,,,,4.19161543,,-1.115418719,0.471491131,3.349814521,3.76611,1.81398,,,-0.235059761,0.401628438,,,,,,,,,,,,,-0.002116402,0.019143577,0.239171375,,0.291561713,0.015748288,0.358695652,1.839466929,0.775186939,-0.034934498,0.149427392,0.044295556,0.028006885,0.003414176,-0.026911416
1992,4,92Q4,,,,,,,,,,,,,,,,,,,,,,,,,,,,,,,,,,,0.172308842,,,,,,0.172774028,,,,,,,,4.276401639,,-0.797438454,-2.525724939,3.470569502,0.33364,4.91556,,,0.145833333,-4.317627726,,,,,,,,,,,,,-0.038176034,-0.068709837,-0.12006079,,-0.20916626,0.044992643,-0.04,-1.986000263,-1.463477804,-0.031674208,-0.171281958,-0.079677811,-0.068880956,0.002100678,-0.00995876
1993,1,93Q1,,,,,,,,,,,,,,,,,,,,,,,,,,,,,,,,,,,0,,,,,,0.075053675,,,,,,,,0.737120632,,-2.697686591,4.584196437,3.426343368,1.59139,10.66741,,,-0.109090909,-5.127479652,-0.16676324,,-0.013389781,0.075493471,,-0.181645475,-0.236845527,1.35809697,-0.242915658,-0.045230517,0.137625028,-0.173782095,0.003307607,-0.046178344,0.074265976,,-0.059802713,0.006223345,0.133333333,-2.110745188,-3.252873145,-0.009345794,-0.007300893,-0.042058629,-0.031207257,0.00537305,-0.009967386
1993,2,93Q2,,,,,,,,,,,,,,,,,,,,,,,,,,,,,,,,,,,0,,,,,,0.382425427,,,,,,,,2.583817223,,0.297037804,-2.508632395,2.465167025,2.63486,6.82994,,,0.040816327,0.098536967,0.015139552,,0.169002564,0.460074543,,-0.138618513,-0.171627443,-0.580484983,0.233437509,0.146999723,-0.257850202,-0.14869832,0.012087912,-0.062326099,-0.01607717,,0.13442623,0.018076506,0.169117647,-0.865135865,-0.740560221,-0.037735849,-0.361952353,-0.06211143,-0.051353438,0.007526459,-0.000947823
1993,3,93Q3,,,,,,,,,,,,,,,,,,,,,,,,,,,,,,,,,,,0,,,,,,0.002489703,,,,,,,,2.122309546,,1.668789029,-2.840677687,3.769944147,3.70866,3.00601,,,0.014705882,-9.656536907,0.075313082,,-0.03982175,0.002011216,,-0.156543166,-0.367237614,0.821535279,-0.272705542,0.047026265,0.658865185,0.290750785,0.02062975,-0.001780415,0.013071895,,-0.080924855,0.023619788,0.333333333,6.013243047,2.649461162,-0.024509804,0.801571107,0.003988464,0.011293112,0.011100609,-0.000937153
1993,4,93Q4,,,,,,,,,,,,,,,,,,,,,,,,,,,,,,,,,,,0.764199499,,,,,,0.175256784,,,,,,,,5.387930517,,1.051553962,2.543924302,3.430845709,3.58522,-1.13095,,,-0.043478261,-7.972781825,-0.13140133,,0.094438202,-0.182691937,,-0.079987219,-0.155884356,-0.203867264,0.170528495,0.015038155,-0.225081551,0.715442884,0.059574468,0.082045184,-0.074193548,,0.286163522,0.010643802,-0.297169811,-1.26469179,-1.003124773,-0.010050251,-0.396870813,0.049293708,0.06283857,0.004300557,0.011626964
1994,1,94Q1,,,,,,,,,,,,,,,,,,,,,,,,,,,,,,,,,,,0,,,,,,0.134173384,,,,,,,,3.951361483,,3.758299915,2.715317119,5.745476265,5.18183,5.19541,,,0.045454545,-7.983638357,-0.43829302,,-0.20807345,-0.607923869,,-0.407857308,-0.352016868,-0.392368953,-0.481376967,-0.292180011,-0.341371306,-0.606307715,0.234939759,0.167582418,-0.005226481,,0.167237164,-0.038457835,0.154362416,-5.388036497,-357.9308783,-0.055837563,0.131796179,0.143277995,0.129051988,0.000753508,0.011630702
1994,2,94Q2,,,,,,,,,,,,,,,,,,,,,,,,,,,,,,,,,,,0,,,,,,0.242259741,,,,,,,,5.584642035,,2.514680974,-4.233024768,5.439396192,7.0676,6.07387,,,-0.314009662,15.27126723,-0.556658023,,-0.132628606,-0.232577917,,0.117080255,-0.638691605,-0.54838289,-0.545085406,-0.035123415,0.093687533,0.375660076,0.123577236,0.035294118,-0.050788091,,-0.374947633,0.022057733,-0.296511628,-0.575413793,-0.314299099,-0.032258065,0.639513241,0.001588579,0.012639942,0.004742125,0.010874608
1994,3,94Q3,,,,,,,,,,,,,,,,,,,,,,,,,,,,,,,,,,,0,,,,,,-0.285690479,,,,,,,,2.601452039,,2.721048928,7.972680968,5.397345984,4.34243,13.84623,,,0.197183099,4.260549064,0.224807728,,-0.023330158,-0.04477633,,-0.204317878,1.089278722,1.027432862,0.072418923,-0.099005244,-0.139291039,0.375617449,0.180173661,0.068636364,-0.016605166,,0.233914209,-0.002419212,0.041322314,0.822910189,0.167668352,-0.061111111,-0.374906623,0.081092715,0.060627675,0.004392024,0.011518829
1994,4,94Q4,,,,,,,,,,,,,,,,,,,,,,,,,,,,,,,,,,,0.385588516,,,,,,0.136246987,,,,,,,,4.516925183,,3.211684452,-4.15229408,2.867166535,4.97326,13.80689,,,-0.070588235,-1.343281541,0.256773938,,0.262532661,-0.699296551,,0.224559695,-0.409700877,-0.642287423,0.466984796,0.013378844,-0.500139704,-0.907222739,0.088289393,-0.045087197,-0.142589118,,-0.22596415,0.044485031,-0.333333333,-0.516730568,-0.347872003,-0.029585799,0.264771342,-0.053209145,-0.053631473,0.001591479,0.002744547
1995,1,95Q1,,,,,,,,,,,,,,,,,,,,,,,,,,,,,,,,,,,0,,,,,0.192801323,0.057855953,,,,,,,,0.984907877,,2.190528117,2.493092198,2.088770501,-21.51654,4.89501,,,-0.025316456,2.012069813,1.005822827,,-0.002949918,5.291213115,,0.751533191,2.043116586,4.480390205,1.003971556,0.319723644,0.981721632,7.530193518,-0.023661972,-0.115367483,0.01750547,,-0.009122807,0.091524472,0.44047619,-0.984084854,-0.507602385,0.036585366,0.114422296,-0.100021218,-0.1011725,0.005665085,-0.001015352
1995,2,95Q2,,,,,,,,,,,,,,,,,,,,,,,,,,,,,,,,,,,0,,,,,-0.160728803,0.153550864,,,,,,,,0.862654046,,2.321538207,5.80549089,2.176033826,-16.22636,-2.59723,,,0.071428571,6.972770592,-0.373926542,,0.001895378,-0.593736428,,0.110871826,-0.444880329,-0.650319675,0.366923992,0.063003249,1.329168195,0.491936806,-0.042700519,-0.044813696,-0.058064516,,-0.018413598,0.076945451,0.140495868,71.60801854,0.998056144,0,-0.386307868,-0.034645648,-0.010969463,0.009344542,0.007921164
1995,3,95Q3,,,,,,,,,,,,,,,,,,,,,,,,,,,,,,,,,,,0,,,,,0.187293447,0.007814691,,,,,,,,3.404417234,,1.194092493,2.695338452,4.71435974,5.92016,-3.81982,,,1.054545455,-10.26089135,0.365851173,,0.08100603,0.04718982,,-0.23044562,-0.029432771,1.158217328,0.29908452,0.112824471,-0.280711102,0.077531877,-0.020494274,-0.068002109,0.139269406,,0.135642136,0.057322249,0.615942029,-0.209962935,-0.126226277,-0.017647059,0.082171238,-0.062805302,-0.056354916,0.006830188,0.009524958
1995,4,95Q4,,,,,,,,,,,,,,,,,,,,,,,,,,,,,,,,,,,0.195218752,,,,,0.134808274,0.027788599,,,,,,,,2.818139352,,1.44897401,0.163257468,1.936827667,6.05072,2.91102,,,-0.233038348,4.348831607,0.729979454,,0.156141563,1.874030216,,0.003624492,1.032804028,0.071720818,-0.186445722,0.157018611,-0.345343121,0.437074946,-0.064,0.002828054,0.180360721,,0.315120712,0.065782304,-0.251121076,0.809995981,0.627285774,-0.005988024,0.639537267,0.022635392,0.019377382,0.00771971,0.004397251
1996,1,96Q1,,,,,,,,,,,,,,,,,,,,,,,,,,,,,,,,,,,0,6.37537548,3.834863014,7.376953024,0.400311274,0.323183625,0.082537677,,,,,,,,2.768344868,,0.020018942,3.066838712,4.460901154,11.55344,5.06955,,,0.019230769,9.674202128,0.148705489,,0.02878456,-0.341194857,,0.657437526,-0.486349001,-0.287671233,0.253671283,-0.032738545,1.070003086,-0.363108266,0.017094017,0.137055838,0.0475382,,-0.023188406,0.035190204,0.48502994,0.009436799,0.046956307,-0.006024096,-0.033413452,0.088636322,0.101693155,0.007748048,-0.003891555
1996,2,96Q2,,,,,,,,,,,,,,,,,,,,,,,,,,,,,,,,,,,0,-0.526527655,-0.731147913,-0.362754211,-0.067439276,-0.089778829,-0.180066024,,,,,,,,7.096556627,,2.940461497,4.221501179,1.682226255,2.41913,-0.77891,,,-0.298113208,5.072630609,-0.480981208,,-0.157031783,0.613435411,,-0.297516149,-0.022885757,-0.355611602,-0.483815499,-0.149959706,-0.433979376,-0.339463516,0.016806723,0.008928571,0.004862237,,0.065776459,0.001890313,-0.262096774,-0.209100891,-0.246028347,-0.042424242,-0.333599936,0.004662536,-0.007448614,0.004901701,-0.018654773
1996,3,96Q3,,,,,,,,,,,,,,,,,,,,,,,,,,,,,,,,,,,0,5.755833842,71.01396354,0.095070012,0.098163851,0.143614593,0.133962341,,,,,,,,3.525000202,,2.154946843,0.002141722,2.947294303,6.50289,15.50842,,,0.322580645,7.002400067,0.576909926,,0.251677356,0.061926084,,0.699338593,1.576889496,1.240802348,0.05178575,0.419540796,1.744309577,1.414224647,-0.025429116,-0.064405113,0.241935484,,0.020417633,0.099627564,0.349726776,-0.360120597,-0.053254514,0.012658228,0.516481082,-0.07520113,-0.052531586,0.005352323,0.012938327
1996,4,96Q4,2686022957,0.003551438,,,,,,#REF!,0.0006754,,,,,,,0.000302963,,7.33E-05,,,,,-0.000121911,,,,0.00611935,0.002952461,0.000163603,,0.000291958,0.00088703,0.00160987,,0.537267129,-0.818633518,-0.364076913,-0.567916034,-0.03550918,-0.047130707,0.086647778,,,,,,,,4.43836461,,1.276854383,6.312756055,3.745052928,10.64714,-2.57397,,,-0.24796748,13.03736321,0.273206881,,-0.115502494,0.063966368,,-0.209916763,-0.323866064,-0.188769049,0.98145731,-0.169106821,-0.441972998,-0.13962374,0.016960209,0.034682081,-0.002597403,,0.006821282,0.081117961,-0.453441296,0.643840063,0.14073637,-0.01875,-0.301497073,0.048164157,0.023862041,0.006947326,0.141650018
1997,1,97Q1,2753154955,0.00091419,,,,,,#REF!,0.000221452,,,,,,,0.000105299,,1.68E-05,,,,,-2.20E-05,,,,0.005935477,0.000893626,4.94E-05,,8.19E-05,0.000217186,0.000545226,,0,1.886938776,-0.410656952,2.91296342,0.303533962,0.223303474,0.087494637,,,,,,,,3.11217417,,1.444856204,2.836648253,4.593026227,4.72033,2.18694,,,0.172972973,-10.02855534,0.302301701,,0.193417816,-0.094522655,,0.10084052,0.236524467,4.134137151,-0.130161006,0.21617516,0.961902851,0.174345713,-0.001282874,0.020314881,-0.233072917,0.017466104,-0.014453478,0.049376404,0,-0.164508989,-0.284235014,-0.044585987,-0.62512542,0.017466075,-0.003035644,0.008719496,0.007181517
1997,2,97Q2,2878883307,0.000891376,,,,,,#REF!,0.000214927,,,,,,,7.00E-05,,1.21E-05,,,,,0.000278791,,,,0.00603829,0.000795027,4.38E-05,,0.000107107,0.000290432,0.000353665,,0,-0.679400537,-0.896856777,-0.430581582,-0.034313152,-0.010747023,0.033383915,,,,,,,,6.063754058,,5.233166648,-3.651590422,4.070492487,8.72061,5.17728,,,0.368663594,-14.95555176,0.116424161,,0.292582004,0.470799582,,0.512350855,0.45078761,-0.62346145,0.662189553,0.300047749,0.305844535,0.586204114,-0.001284522,-0.067695371,0.088285229,-0.060753998,0.191109074,0.129271907,0.125925926,0.53758827,0.411551803,-0.026666667,1.185656817,-0.060754218,-0.051271977,0.013188242,0.015808213
1997,3,97Q3,2957180704,0.000907954,,,,,,#REF!,0.000223854,,,,,,,0.000107192,,1.30E-05,,,,,0.000160777,,,,0.006639591,0.000927596,5.29E-05,,8.00E-05,0.000312653,0.000482035,,0,5.621714588,-0.30153322,0.108005903,0.161460031,0.302960912,0.332437592,,,,,,,,5.115768777,,2.61962168,1.582059928,3.940253581,7.6813,5.78435,,,-0.249158249,2.555108151,-0.056832567,,0.012413014,-0.177614923,,-0.321857255,-0.122762273,0.186495893,-0.245537629,0.017386185,-0.535631965,-0.066506276,0.009003215,-0.053924186,0.229329173,-0.032941696,0.469796075,0.023050121,0.184210526,0.214216584,0.231954747,-0.04109589,0.07857339,-0.033829747,-0.036442696,0.016070513,0.074072343
1997,4,97Q4,3038371804,0.000936123,,,,,,#REF!,0.00023571,,,,,,,0.000120449,,2.55E-05,,,,,7.12E-05,,,,0.006163375,0.000325042,-0.000117175,,-4.99E-05,0.000405546,8.65E-05,,0.521884634,-0.182865591,2.963685637,-0.384250395,-0.038425462,-0.145829076,0.476763024,,,,,,,,3.104196441,,4.095096156,-0.17163507,4.475615731,8.50832,3.49551,,,0.049327354,1.384136321,0.428150549,,0.234682803,0.394901707,,0.670549479,0.40389035,0.282519419,1.394584466,0.045969051,0.777261063,-0.488978518,-0.007648184,-0.054176072,-0.241116751,-0.02850852,-0.24895288,0.075374232,-0.466666667,0.661002256,0.335029687,-0.007142857,-0.619350154,-0.027615502,-0.012356291,0.021609312,0.061340991
1998,1,98Q1,3194289443,0.000853187,,,,,,#REF!,0.000245079,,,,,,,0.000123746,,1.55E-05,,,,,-6.16E-06,,,,0.006775651,0.000936717,3.98E-05,,8.82E-05,0.000421016,0.000406443,,0,0.074851666,-0.762409408,0.296741922,0.217663537,0.405617494,-0.253731343,0.153153153,,,,,,,3.83251534,,2.392228605,-7.59962496,3.42723713,3.21494,-7.70503,,,0.02991453,-24.82593504,0.160684488,,0.037380302,0.008595323,,-0.116647024,0.02908198,-0.20174925,-0.148597178,0.264696189,-0.047987364,2.261157075,-0.014771997,0.001789976,0.02173913,0.004257918,-0.086789822,0.084624776,0.458333333,-0.38018604,-0.290321068,-0.050359712,0.599655923,0.004258,0,0.016098552,-0.010191532
1998,2,98Q2,3295107094,0.000878171,,,,,,#REF!,0.000281726,,,,,,,0.000180785,,3.71E-05,,,,,-5.27E-05,,,,0.007161416,0.00079299,1.66E-05,,4.83E-05,0.000415074,0.000331162,,0,0.155838641,1.58676259,-0.537322769,-0.020226089,-0.081001498,0,-0.010416667,,,,,,,3.645708884,,1.659090226,-1.962879275,2.907877144,4.20396,6.38742,,,-0.087136929,-5.625608588,-0.664936321,,-0.103689807,0.831785029,,-0.542719745,-0.241576587,-0.456150002,-0.383324331,-0.152983873,-0.57817273,-0.450229637,-0.030638853,-0.070279929,-0.081833061,-0.00953336,0.728625954,-0.022157788,-0.528571429,-0.267875062,-0.169091514,0.03030303,0.561662321,-0.009533332,-0.036771105,0.016359038,0.023525319
1998,3,98Q3,3373498471,0.000904452,,,,,,#REF!,0.000268703,,,,,,,0.000174439,,3.09E-06,,,,,0.000112608,,,,0.005748922,-1.66E-06,-6.18E-05,,-5.56E-05,0.000375357,-0.00023294,,0,-0.592762675,-0.875403271,2.956061289,0.187260212,0.124442057,-0.1,-0.355263158,,,,,,,5.383318358,,2.318214304,1.178841641,2.443026304,2.51263,-0.58651,,,-0.118181818,-6.419676362,0.518959738,,0.135279462,-0.669370049,,0.739592966,0.159521373,0.108825761,0.343592171,0.100849813,0.652014652,-0.269178798,-0.119031607,-0.102498398,0.024955437,0.002726268,0.009935968,0.033681585,-0.363636364,-0.308057289,-0.252816506,-0.022058824,-0.08528842,0.002726121,-0.001266579,0.020894635,0.01818535
1998,4,98Q4,3833475788,0.000856859,,,,,,#REF!,0.000355416,,,,,,,0.000124997,,3.43E-06,,,,,0.000131297,,,,0.007264831,0.000584853,4.80E-05,,9.73E-05,0.00028955,0.000169566,,-0.26217765,-0.109510922,0.524107143,-0.751324258,-0.021543225,0.098250758,0.333333333,-0.189673469,,,,,,,7.105957845,,1.059630436,2.225920151,3.623433483,0.90982,-5.60089,,,0.030927835,-9.98898471,0.278145225,,0.156466146,1.062242505,,0.179747639,-0.314020138,0.753421013,-0.038967252,0.074333304,-0.128133079,-0.360044189,0.036641221,0.067094932,-0.074782609,0.025510168,-0.27896808,0.123807906,0.595238095,-0.07529569,-0.04843925,-0.030075188,-0.222257156,0.025510316,0.014508733,0.015360147,0.009188605
1999,1,99Q1,3824791401,0.000824725,,,,,,#REF!,0.000413428,,,,,,,0.000144455,,5.00E-06,,,,,-2.81E-05,,,,0.008518405,0.001328642,6.61E-05,,0.000164034,0.000423314,0.00067518,,0,0.935055537,0.801405975,2.474347229,0.363680661,0.691167869,0,0.26424218,0.86202307,-0.262977417,3.411715944,0.075834176,10.66473452,168.4837093,3.611460562,,3.391479051,-3.485768809,2.165352277,5.80083,-2.31608,,0.093783108,0.165,1.446348794,-0.042587955,0.164443155,-0.060353901,0.252397344,0.227072478,0.254779295,0.572413464,0.097812656,0.136674708,-0.002324423,0.527640723,1.526011666,0.013254786,0.111705686,0.167293233,0.057998441,-0.12371134,0.054860319,1.194029851,-0.665485499,-0.197375999,-0.007751938,1.059861603,0.057998379,0.056951502,0.01762205,-0.047611921
1999,2,99Q2,3937204933,0.000824014,,,,,,#REF!,0.000425752,,,,,,,0.000107433,,4.12E-06,,,,,7.80E-05,,,,0.008070697,0.00092017,4.04E-05,,0.000199617,0.000271652,0.000408477,,0,0.286333975,-0.593495935,-0.745006263,0.056796626,0.182774339,-0.166666667,0.506793099,-0.246128187,-0.318506884,-0.514468245,3.867481203,-0.701888293,-0.862282622,3.163585248,,2.877094497,1.635360529,1.268411109,0.72613,1.13415,,-0.048698894,-0.004291845,36.07833593,-0.388105912,-0.208744984,0.028901802,-0.736428782,0.202802938,-0.255907824,0.225064404,-0.442586047,-0.332288975,0.027339859,-0.278759331,-0.095731365,0.04505814,0.061973526,0.180354267,0.070344632,-0.015570934,0.009282989,-0.040816327,1.854776481,0.475567933,-0.0078125,-0.007513938,0.070344346,0.069688432,0.020002256,0.031558316
1999,3,99Q3,3950285874,0.000865767,,,,,,#REF!,0.000425313,,,,,,,5.70E-05,,1.12E-05,,,,,6.44E-05,,,,0.008195269,0.000664587,3.01E-05,,0.000152655,0.000254297,0.000227554,,0,0.423157987,32.7264,0.749224405,0.466023268,0.788598806,0,-0.21206272,0.076564475,3.187019835,0.256965944,0.753427303,0.323843179,0.196284763,5.184065497,,4.428410208,-0.380285912,7.128405459,6.51961,2.48097,,0.238521827,-0.00862069,33.37753598,-0.008786646,1.658051203,-0.427353403,1.582681564,0.562099426,-0.292931485,-0.433000998,0.463546833,0.426909521,-0.359040801,-0.131843468,-0.240616995,0.085535466,0.043626062,0.015006821,0.030199825,0.010544815,0.023928609,0.063829787,1.463143621,0.839451882,-0.039370079,-0.007457907,0.030199946,0.012838119,0.021209196,0.032741412
1999,4,99Q4,4200281359,0.000849366,,,,,,#REF!,0.000382904,,,,,,,3.13E-05,,-2.25E-05,,,,,0.001943981,,,,0.008461718,0.000857364,9.68E-05,,0.00031247,0.000232186,0.00021587,,0.805238203,-0.511903911,-0.966791594,0.420336979,0.148202459,0.170702874,-0.5756,-0.10543978,0.147669725,-0.560340118,-0.297054598,-0.683184671,-0.330798288,-0.102594022,7.379637773,,4.540925632,1.852359857,5.435806787,6.97915,6.9486,,0.055640376,0.252173913,16.16858485,0.066384786,0.75497046,0.574678955,-0.758418055,-0.437549104,0.464481106,0.349133167,-0.219954978,0.330447345,0.200415043,0.139883359,-0.099938193,0.094811019,0.055374593,0.073924731,0.032656629,-0.060521739,0.03340578,-0.18,0.349441907,0.434829526,-0.008196721,0.34652653,0.03265675,0.044777572,0.025101056,-0.012482631
2000,1,00Q1,4299640062,0.000818927,,,,,,#REF!,0.000524382,,,,,,,0.000149038,,3.88E-06,,,,,-5.89E-05,,,,0.009369602,0.001278041,2.95E-05,,0.000446263,0.000295668,0.000506593,,0,2.00326435,4.295714286,-0.65723205,0.004679468,-0.001002614,0.646559849,1.354991184,0.616102833,2.678592431,-0.137528287,-0.67744178,1.01813803,3.089517904,1.048548013,,5.266037569,6.790715451,3.952905106,11.01907,5.54598,,-0.039514414,0.506944444,12.43348113,-0.516714255,-0.656302483,0.001522831,-0.191314729,-0.019487126,-0.171191254,-0.343430968,0.039160926,0.021534934,0.070637799,0.700714785,0.427740081,0.033937975,-0.0468107,0.210262829,0.032343382,0.239911144,0.018726898,-0.243902439,-0.519708717,-0.522915012,-0.024793388,-0.210274835,0.032343063,0.006615112,0.028142275,-0.02575249
2000,2,00Q2,4373396168,0.000821632,,,,,,#REF!,0.000426753,,,,,,,-2.25E-06,,4.65E-06,,,,,-1.61E-05,,,,0.007856948,0.001030936,3.13E-05,,0.000432439,0.000305969,0.000261245,,0,-0.546414164,0.71904505,1.755919854,-0.004398501,-0.057528944,-0.571408128,-0.617232426,-0.407344387,-0.752669957,1.370630554,3.745689655,-0.217266455,-0.766062563,8.034142383,,3.453935726,0.632376346,5.745268778,4.73445,1.14114,,0.029093734,0.17281106,0.179457796,0.92918729,-0.128138566,0.088416329,1.690164237,0.310955555,0.337269672,0.644588204,-0.11072623,-0.236075493,0.187685002,0.535841139,0.483410777,0.052631579,-0.04587156,0.223371251,-0.037739335,-0.346670648,0.020313402,0.440860215,0.037520853,0.124213938,0.016949153,0.16813394,-0.037739136,-0.040355424,0.023525024,0.119425505
2000,3,00Q3,4475624438,0.00083741,,,,,,#REF!,0.000438624,,,,,,,0.000267715,,6.95E-06,,,,,3.50E-05,,,,0.00841433,0.000958,2.84E-05,,0.000240513,0.000244272,0.00044485,,0,2.236743472,-0.993330718,0.215576118,-0.077794802,-0.159047691,0.118196995,1.679845187,0.060225679,-0.243393138,0.245813846,1.002497729,0.67230454,1.76915839,0.336566419,,1.774687294,-0.868590948,1.193474853,2.4389,4.33514,,-0.120559863,1.062868369,13.50272983,-0.552488827,0.058323117,-0.106182789,-0.499245438,-0.098407502,-0.18023868,0.394441006,0.986366689,0.326661477,-0.109937556,0.114238097,-0.373132934,-0.000537634,-0.055429864,0.246830093,-0.028492723,0.450639854,-0.074302048,-0.649253731,-0.85924054,-0.578862182,-0.025,-0.222239774,-0.028492397,-0.06095679,0.023821846,0.032897013
2000,4,00Q4,4657207042,0.000946601,,,,,,#REF!,0.000361921,,,,,,,7.24E-05,,3.26E-06,,,,,-0.000254998,,,,0.00878185,0.000840992,7.76E-05,,0.000273568,0.00035246,0.000137337,,-0.232358606,-0.935186416,0.823529412,-0.305301314,-0.250531619,-0.421716715,-0.440429979,-0.636223872,-0.012028465,2.736662257,-0.739582736,-0.982991269,-0.849729345,-0.950466266,2.39128554,,2.602032768,2.576765682,0.928600463,-1.14745,4.78752,,-0.077084651,-0.48952381,-2.419319125,3.343268879,-0.215849449,0.438348371,1.931780822,-0.56133002,0.797124213,0.493577719,0.039828245,0.812121812,0.357045309,0.02271292,0.505246732,-0.201721356,-0.092814371,0.103050847,-0.060473692,0.034656585,-0.068055763,-0.574468085,4.005596888,1.093438098,0.085470085,0.346691812,-0.060473939,-0.06347576,0.026124533,-0.017438939
2001,1,01Q1,4988877130,0.000843925,4.20E-05,,,,,#REF!,0.000497598,0.001748141,0.001606494,,,,,0.000103238,4.09E-05,2.50E-07,0.000250082,0.000435903,,,-2.87E-05,0.001316147,,,0.008753423,0.001447602,8.17E-05,,0.000435285,0.000242634,0.000687941,,0,3.608186278,157.8709677,1.467779807,0.000175763,-0.114413076,0.53361793,-0.325378869,-0.507075472,-0.839327856,0.584241224,36.08,2.928713622,15.37652439,-1.307871443,,3.711527375,2.855395007,5.427719675,-4.38877,1.85662,,0.067387775,-0.444029851,-13.68315544,0.204814999,0.100789918,0.013379457,0.601906364,0.385369494,-0.10178586,0.049197538,-0.088359616,-0.134724862,0.031495751,-0.412150036,0.422631839,-0.242587601,0.043564356,-0.221266134,0.007264235,0.057247259,-0.030686747,0.25,-1.356247057,-0.863107306,0.039370079,-0.269810526,0.007264052,0.02039921,0.01929054,-0.005802516
2001,2,01Q2,5103751010,0.000886158,8.19E-05,,,,,#REF!,0.00044257,0.001705038,0.00159745,,,,,0.000132358,6.68E-05,3.92E-06,0.000241077,0.000454861,,,0.000153722,0.001284061,,,0.007614584,0.000781874,5.15E-05,,0.000208463,0.000249665,0.000272217,,0,-0.615152382,-0.835492386,-0.342002326,-0.117751063,-0.263069587,-0.136395268,0.369360248,0.631966895,-0.122621807,-0.254654071,-0.667385832,-0.598494354,-0.811039747,2.647560673,,0.392326824,-0.968275879,2.664030794,-0.046,-1.07476,,-0.206488345,-0.389261745,5.674179398,-0.720989946,-0.224891129,-0.150031388,-0.66707502,-0.346057786,-0.09477802,-0.548099109,0.027445386,-0.787445534,-0.156162893,-0.410472516,-0.444551792,-0.135231317,-0.055028463,-0.241515391,-0.030014154,0.259792627,-0.065257379,-0.52,-10.754483,12.06187695,0.098484848,-0.599936845,-0.030013807,-0.039660361,0.019053343,0.026717339
2001,3,01Q3,5416098092,0.000859331,8.81E-05,,,,,#REF!,0.000439448,0.001647192,0.001354484,,,,,8.10E-05,6.01E-05,-9.67E-06,0.000499228,0.000519042,,,7.86E-05,0.0012238,,,0.007609762,0.000752636,6.74E-05,,0.00017011,0.000245241,0.00026988,,0,8.096614368,6.067390768,0.803502571,0.044020146,-0.031156381,-0.474617244,-0.42051756,0.748019017,0.661522365,0.204100652,-0.778378378,-0.043870192,-0.36453202,-1.099284711,,0.294067372,-4.156402905,2.172433617,-0.49283,-1.41283,,0.108387668,0.483516484,-7.288764667,1.047518134,0.615547703,0.049439559,0.816453478,1.565993934,0.301640433,1.259008371,-0.438330961,2.203587148,0.174094951,1.206548016,0.695373707,-0.400205761,-0.042168675,0,-0.010849475,-0.192729767,-0.033231538,1.25,-1.43379329,-1.410707836,0.137931035,-1.264494801,-0.010849492,-0.00391718,0.02061555,-0.040459492
2001,4,01Q4,5312752641,0.000899515,0.000111609,,,,,#REF!,0.000391904,0.001808615,0.0013419,,,,,0.000123977,1.54E-05,2.04E-06,0.000597701,0.000610603,,,0.000157426,0.001462313,,,0.008005486,0.000332339,-0.000112533,,8.71E-05,0.000184216,0.000173513,,-0.349563347,-0.777550835,-0.844638491,-0.250690423,-0.087567652,-0.16969697,-0.066717791,0.548644338,-0.626926564,-0.627676322,-0.660990712,11.6097561,-0.362664991,-0.771317829,1.40706999,,0.612451852,-0.695370509,1.480203777,-1.75051,0.4722,,0.020715124,0.185185185,-23.33946667,-0.110960846,-0.478915136,0.186110079,0.043167897,-0.400466949,-0.100839212,-0.496119659,-0.116563659,-0.452851186,0.022342501,-0.480784669,-0.266752163,-0.096054889,0.064290706,-0.262226847,0.055459662,-0.261115831,0.015104595,-0.444444444,-3.44536106,-3.798754411,0.036363636,-5.278417998,0.055458968,0.01741573,0.019313744,0.013168104
2002,1,02Q1,5312710809,0.000887816,0.000121054,,3.53E-05,6.31E-06,,#REF!,0.000427097,0.001746405,0.00140181,,,,,0.000112622,-4.56E-05,-4.22E-06,0.0004659,0.000565522,,,-0.000111296,0.001657676,2.84E-05,,0.008346601,0.000775872,1.38E-05,,0.000134864,0.000225236,0.000401945,,0,-0.459089982,-0.507194245,-0.262097254,-0.061833234,-0.103381499,0.308981101,-0.402677652,-0.636695018,0.576744186,-0.611872146,-0.988394584,-0.785009862,-0.288135593,3.460332018,,0.621375788,-0.633758483,1.686002783,-3.10625,3.63072,,-0.200955146,0.003125,8.870953408,0.264122701,-0.58948959,-0.087342965,1.220639911,2.316957114,-0.253884215,0.342828466,0.406429271,-0.348322013,0.082155449,-0.052788591,0.413792695,-0.0056926,0.004596192,1.180634369,0.003615161,0.089306248,-0.054817326,1.2,-0.803055422,-0.555813461,0.023391813,1.480020846,0.00361497,-0.033020431,0.024181201,-0.016317767
2002,2,02Q2,5433611363,0.000891838,0.000142911,,5.19E-05,7.87E-06,,#REF!,0.000425643,0.0018262,0.001471798,,,,,9.94E-05,1.13E-05,-1.27E-06,0.000482138,0.000565973,,,0.000270522,0.001395048,3.17E-05,,0.007990143,0.000504998,4.09E-06,,0.000114155,0.000251702,0.000135046,,0,-0.241720106,-0.057481752,-0.191331668,-0.092776893,-0.247217146,-0.190529996,0.369827586,-0.220735786,-0.057656208,1.135294118,-0.166666667,2.408256881,7.928571429,2.144858554,,2.299656721,4.054768316,3.356538146,4.39433,6.53667,,-0.187390132,0.267912773,18.93577558,-0.773223458,-0.814110429,-0.062980375,-0.920692096,-0.151448667,-0.602851489,-0.341689763,-0.47158455,-0.612603674,-0.0839834,-0.716075818,-0.321781576,-0.041984733,-0.164705882,-0.440516839,-0.043620977,0.586206897,-0.163209913,-0.818181818,-1.617598117,-0.881800066,-0.017142857,-0.317446909,-0.043620672,-0.079031521,0.028215491,0.024911783
2002,3,02Q3,5500375898,0.000912263,0.000194084,,4.53E-05,7.73E-06,,#REF!,0.000397338,0.000301659,0.001233708,,,,,9.83E-05,0.00011909,-4.92E-06,0.000604217,0.000377926,,,-0.001143807,0.001338477,2.94E-05,,0.005834704,0.000308824,2.22E-05,,-2.35E-05,0.000205663,0.000104422,,0,2.01557059,0.584704743,-0.318888225,-0.033506641,-0.007503862,0.324999418,-0.520453115,-0.579399142,-0.675014229,0.652892562,23.4,0.047106326,-0.850666667,2.044297554,,1.199429189,2.628628292,3.42778869,3.27891,3.69119,,0.01065894,0.127764128,7.064122699,1.881404943,3.310781078,0.095655941,1.921764243,-0.169567887,1.281240437,0.218861782,-0.717735103,0.547244878,0.122548846,1.265616017,0.433636307,-0.189243028,-0.059467919,0.247398844,-0.03229001,-0.054125998,-0.010008653,2.166666667,-1.69607445,3.451693707,0.023255814,0.09840101,-0.032290437,-0.022941468,0.020195172,0.023901639
2002,4,02Q4,5598966940,0.000890173,0.000227159,,3.91E-05,2.76E-05,,#REF!,0.000429318,0.001386647,0.001259727,,,,,0.000178787,0.000128252,-1.08E-05,0.000714259,0.000268565,,,0.000141078,0.001843204,5.46E-06,,0.007656898,0.000305329,-1.76E-05,,6.39E-05,0.000240907,1.80E-05,,-0.28741621,,-0.491753207,-0.571595729,-0.042605177,-0.040693796,-0.320566546,0.947506562,0.887755102,-0.773204904,0.075,1.459016393,0.474293059,2.607142857,0.137125235,,0.139815878,1.500458434,3.816041621,0.73095,3.44631,,-0.091208634,0.091503268,-0.560920463,0.575968422,0.398239122,0.303404611,-0.029202983,-0.333935563,0.348769774,0.344706775,3.185592796,0.894028028,0.162488168,1.404182589,0.078033485,-0.132678133,-0.021630616,0.523632994,-0.081499729,-0.186444653,-0.029065967,-0.736842105,0.555525315,0.545662632,0,0.751148736,-0.081499102,-0.038329737,0.022605106,0.031032475
2003,1,03Q1,5762843240,0.000824704,0.000209721,,1.66E-05,1.23E-05,,#REF!,0.00039461,0.001287015,0.001175418,,,,,0.000285624,6.83E-06,-5.99E-06,0.000645492,0.00031621,,,-0.000387709,0.001543413,2.20E-05,,0.007424622,0.000693406,2.73E-05,,0.000163718,0.000228635,0.000273784,,0,,-0.073918269,1.419597132,0.044495738,0.15136764,0.681371029,-0.192722372,0.059459459,24.54826255,-0.269767442,-0.636666667,-0.319093287,-0.004950495,1.678682166,,-0.187710641,-2.102150895,2.427634493,0.09232,-2.56455,,0.105629782,0.067864271,17.799999,0.815826116,8.352527834,0.018534179,2.831636431,0.934267199,0.495211839,0.375610743,1.824389467,-0.151416159,0.087736272,-0.058623751,0.328303095,-0.099150142,-0.076530612,-0.108880779,-0.126365964,-0.160276737,0.089727599,-0.4,3.185566081,0.4693082,0.045454545,-1.156261042,-0.126365994,-0.064669394,0.020893531,0.016945505
2003,2,03Q2,6140808670,0.000798741,0.000200758,,2.22E-05,1.31E-05,,#REF!,0.000436034,0.0012583,0.001298044,,,,,0.000276112,0.000103648,-9.94E-06,0.00066868,0.000179329,,,0.000232702,0.001513596,2.05E-05,,0.007420499,0.000617858,-8.73E-07,,8.73E-05,0.000209087,0.000322373,,0,,-0.778066191,1.466487936,0.032567477,-0.033017918,-0.07563516,0.19115192,-0.673469388,-0.813812906,-0.878980892,-1,-0.892445583,-0.865671642,3.432111971,0.095851216,0.279421758,5.079494933,4.942828809,1.65291,0.93883,-0.002444254,0.029758831,-0.125233645,-16.9121218,-0.205105486,-0.294037547,-0.174122361,-0.623354349,0.7723777,-0.355880687,-0.207900495,-0.673686438,0.849933506,-0.060729632,0.216476827,-0.068370199,-0.103773585,0.169429098,-0.035494881,0.064995837,-0.22004806,0.066508863,5.333333333,-0.076586639,0.302655852,0,-5.62571252,0.064995206,0.11810357,0.027108836,0.006691705
2003,3,03Q3,6165886411,0.000827638,0.000194076,,1.87E-05,3.39E-05,,#REF!,0.000441654,0.001301128,0.001299238,,,,,0.000713457,-6.90E-05,-8.43E-06,0.000713897,0.000565049,,,0.000140001,0.000942113,2.07E-05,,0.007578576,0.000449976,3.50E-05,,3.75E-05,0.000227059,0.000150348,,0,,14.94152047,-0.435411899,-0.013147649,0.155527795,0.187835321,-0.070077085,-0.1875,0.266233766,0.035087719,#DIV/0!,3.547619048,10.96296296,6.746789271,0.310704961,1.845926008,1.504413378,4.977995827,-0.62247,3.43154,0.119975927,0.051829842,0.239316239,8.620670305,-0.103233776,-0.34471829,0.011410725,0.471716265,0.26365929,0.172133926,-0.233897828,0.504236189,-0.145948868,0.073187817,0.41470172,0.29526439,-0.01754386,0.012598425,-0.055909413,-0.030494908,-0.072623239,0.05605265,1.578947368,-0.594019451,-0.502151754,-0.048913043,-0.4943887,-0.030494328,-0.028016153,0.032172063,-0.014279709
2003,4,03Q4,6240821048,0.000807499,0.000310964,,1.91E-05,3.05E-05,9.31E-10,#REF!,0.000420996,0.00138623,0.001293697,,,,,5.78E-05,0.000133257,-4.00E-06,0.000630583,0.000569164,,,6.00E-05,0.001844039,2.24E-05,1.24E-09,0.007988751,0.000397157,2.21E-05,,6.94E-05,0.000189841,0.000115825,,1.154869372,-0.700212675,-0.044203962,0.778397001,0.005946139,-0.064864865,1.968774788,0.071590053,0.403846154,-0.399358974,11.59322034,#DIV/0!,1.641361257,-0.185758514,3.667384483,-0.069721116,2.860368241,4.432294974,4.886635567,5.01082,4.47064,0.082827973,0.049037487,-0.025862069,3.446004829,0.303268231,0.198713352,0.089998135,0.346494095,0.453711489,-0.336505161,0.323999207,0.221012098,-0.229254215,0.090121089,-0.431914429,-0.092153672,-0.003571429,-0.062208398,0.150674663,-0.065831036,0.024205031,0.072145794,-0.306122449,-0.230098789,0.230358438,-0.022857143,1.245279832,-0.065831606,-0.057257855,0.040318175,0.038015593
2004,1,04Q1,6668279758,0.000752599,0.000415467,,1.60E-05,2.10E-05,0,#REF!,0.000460706,0.001281377,0.001313185,,,,,0.000145033,8.84E-05,-9.04E-06,0.000689108,0.00040085,,,0.003619193,0.001551532,1.82E-05,0,0.007639143,0.000595809,3.95E-05,,-3.43E-05,0.000262609,0.00032807,,0,1.532065834,-0.725388601,-0.367899265,0.004291541,0.196917148,-0.471801965,0.427566807,2.876712329,0.168623266,-0.35666218,12,-0.42913776,-0.775665399,2.662126973,0.860813704,2.069871585,4.144384085,2.984399558,7.15412,8.9915,0.015029066,0.013260007,0.067256637,0.030126038,-0.304127356,-0.182734775,-0.013761529,-0.183571752,0.154939403,-0.121034138,-0.491893391,-0.387691221,-0.561641923,0.113805344,-0.108628483,0.269904461,0.17921147,0.144278607,0.058631922,0.11582994,-0.075069509,-0.008365462,0.5,1.245132208,0.370687878,-0.01754386,-0.072528696,0.115830442,0.105770555,0.041755863,0.043498636
2004,2,04Q2,6938178244,0.000756611,0.000418573,,1.15E-05,2.19E-05,0,#REF!,0.000468909,0.001633905,0.001282203,,,,,0.000176794,0.000193859,-1.15E-07,0.000443948,0.000760944,,,0.000320423,0.001570633,2.05E-05,0,0.008101262,0.00043062,7.38E-05,,0.000384274,8.06E-05,-0.000108018,,0,,-0.270440252,-0.563187308,-0.115159792,-0.22037991,0.364416513,0.349753695,-0.494699647,-0.351598174,-0.407322176,-1,-0.086284722,3.118644068,2.598621144,0.092635213,2.203087025,-0.0516687,0.956658122,3.47572,6.90407,0.17938958,-0.033910469,0.069651741,0.417188899,-0.150295999,-0.549304569,0.201525018,-0.344644414,0.417582512,-0.088910582,0.101174621,0.129107891,1.395878992,0.208964709,-0.101689271,-0.145253477,0.37993921,-0.064492754,-0.003076923,-0.051519908,-0.031062124,-0.01717271,0.117647059,-0.326464991,-0.261492258,-0.029761905,-0.189991635,-0.051520496,-0.053271178,0.036989313,0.069762721
2004,3,04Q3,7274662222,0.000761835,0.000399844,,1.35E-05,2.55E-06,0,#REF!,0.000423642,0.001439604,0.001095354,,,,,6.77E-05,5.45E-05,-2.16E-06,0.000693977,0.000291002,,,0.001851699,0.001436296,1.49E-05,0,0.006811375,0.000177644,4.09E-05,,0.000126066,0.000140199,-0.000129474,,0,,0.62164751,1.590177466,0.080880217,0.194301053,-0.11657587,-0.093065693,0.965034965,0.216901408,0.648429227,#DIV/0!,0.417442523,0.106995885,3.010603128,-0.255924171,1.479628644,0.393323483,0.013060275,2.75767,4.91546,-0.080715364,0.019662921,-0.068217054,-0.152663719,0.556134848,2.092628864,-0.419326794,-0.409992741,0.693423441,0.248495929,0.269767626,0.189372277,0.604351701,-0.066604241,0.330216021,-0.00266208,0.348017621,-0.03020914,0.089506173,-0.057384677,-0.142709415,0.05321463,0.245614035,1.115033365,0.742245014,0,0.694738976,-0.057384743,-0.019639535,0.034244322,0.025774767
2004,4,04Q4,7643750726,0.00068684,0.000380593,,1.19E-06,1.76E-05,0,#REF!,0.000436198,0.001704767,0.001361886,,,,,6.23E-05,0.000105189,8.50E-06,0.000628967,0.000481468,,,0.000484806,0.001646063,1.77E-05,0,0.007839888,0.000351878,-4.89E-05,,-4.87E-05,0.000180535,0.000268938,,-0.510218597,,,-0.458891013,0.00505282,-0.131051176,0.371827787,0.068410463,-0.245551601,1.77662037,0.349036403,1.9,0.485254692,0.669144981,3.314403999,0.082802548,1.383570594,-0.855916707,2.535881349,4.86371,5.64042,0.235610526,0.029711085,0.237936772,0.31833996,-0.368013106,-0.295158948,-0.005064473,1.41716219,0.251303245,-0.420875902,-0.260133975,0.012078193,-0.568422489,0.095877049,-0.145598723,0.156674362,0.266339869,0.029552716,-0.009631728,-0.0015908,-0.116405326,0.025197287,-0.422535211,-1.837874538,-1.274080497,-0.024539877,-0.533630734,-0.001590008,0.010735373,0.049578785,0.006783538
2005,1,05Q1,7952489411,0.000644644,0.000370957,,9.52E-06,1.84E-05,8.82E-07,#REF!,0.000422974,0.001255715,0.001156687,,,,,9.64E-05,2.07E-05,1.11E-06,0.000500407,0.00059188,,,-0.000130794,0.001417967,1.46E-05,3.73E-07,0.00735774,0.000744433,6.84E-05,,7.63E-05,0.000335118,0.000264614,0.451376943,3.997415367,,,-0.497938751,0.365434014,0.253481894,0.423825805,0.417740113,1.216037736,-0.321217174,0.282380952,-0.231034483,-0.217960289,-0.919153675,4.190002993,0.158823529,0.760653425,0.798038915,2.468229616,2.34351,0.13887,-0.009983838,0.07120589,-0.059139785,0.033930254,-0.324441521,-0.346811308,0.078830674,-0.482164822,0.129815552,0.136844767,0.126913945,-0.590537598,-0.323742957,0.173449703,-0.427508191,0.466151711,0.132903226,-0.031807603,0.08180778,0.005002765,0.210921517,-0.008368178,0,-1.594883097,-3.152175098,-0.037735849,0.341497615,0.005002206,-0.022172066,0.043625529,0.038572693
2005,2,05Q2,8112382372,0.000690964,0.000363887,,8.81E-06,2.68E-05,8.45E-07,#REF!,0.000397582,0.001263312,0.001161281,,,,,0.000156858,0.000104443,1.45E-06,0.000566198,0.000296068,,,0.000107534,0.001520811,1.19E-05,3.13E-07,0.006808604,0.00021696,4.95E-05,,6.60E-05,0.000102099,-6.90E-07,0.046822501,-0.385770766,,,2.098826979,0.035717302,-0.11015873,-0.5376128,0.952764273,1.803320562,4.541820192,0.317613566,-0.00896861,0.278592037,-0.41322314,1.792540445,0.379582628,2.982167438,5.350259874,5.052000864,-0.56842,8.78165,0.236367466,0.070146651,1.071428571,0.140565178,0.376210731,-0.080825365,-0.160141936,0.313784913,0.159301073,0.343721712,-0.249325792,0.076041163,0.299599265,0.038432508,1.077562542,0.035890678,0.173120729,0.012820513,0.170809096,0.004516261,-0.20124012,0.035703795,0.56097561,-0.155101458,0.315238935,-0.026143791,1.269589943,0.004517144,0.027291242,0.033320465,0.023022894
2005,3,05Q3,8349396650,0.000693456,0.000362977,,1.63E-05,2.44E-05,8.09E-07,#REF!,0.000414847,0.001310308,0.001123635,,,,,7.16E-05,6.90E-05,5.47E-07,0.000547846,0.000636103,,,0.000177656,0.001562899,1.13E-05,3.06E-07,0.007505494,0.000671497,8.46E-05,,0.000205528,0.000192381,0.000189036,0.262511199,0.807489648,,,-0.360177912,0.187348248,0.018194791,1.945469455,-0.420902264,-0.753910402,-0.156721297,0.041991545,-0.692307692,0.087643289,3.178403756,3.214273204,-0.01635323,2.435822319,1.290310273,3.250753287,7.19979,-2.14523,-0.080586081,0.050060756,-0.343448276,-0.058983376,-0.009975236,0.125565776,0.058824264,0.911221945,0.043330849,-0.231754403,0.25850111,0.194544288,0.402592731,0.094739175,-0.18466026,0.333087568,0.138834951,0.065664557,0.323396567,0.072902316,0.162314694,0.005141326,-0.25,-0.079778547,-0.17798505,0,-0.389666586,0.072902863,0.074411842,0.026374744,0.04624641
2005,4,05Q4,8402782524,0.000684591,0.000374481,,1.33E-05,2.39E-05,7.97E-07,#REF!,0.000406233,0.001299598,0.001192744,,,,,0.000140428,0.00030042,5.00E-06,0.000352408,0.000501584,,,0.000250747,0.001449634,1.14E-05,2.69E-07,0.007064257,0.000350853,-6.66E-06,,0.000104172,0.000183988,6.94E-05,-0.062492202,-0.538098943,,,0.351131489,-0.023112346,0.109495445,-0.526169265,0.789221444,-0.484726936,-0.474113009,0.423548503,10.32352941,1.287966805,11.37078652,2.069645423,0.246051538,2.619469796,0.906528251,4.354093677,5.64137,4.72519,0.025016214,0.034614502,-0.266806723,0.103108544,0.250610046,-0.168634064,0.086770338,-0.919852557,-0.087120234,1.268325558,0.244446867,-0.410133792,0.346264473,-0.024146871,0.316485499,0.317521185,0.151747656,0.017817372,-0.27337884,0.01457351,-0.115968365,0.043226506,-0.125,2.482317401,0.630608077,-0.046979866,-0.445005462,0.014573738,0.005904785,0.024316865,0.016851343
2006,1,06Q1,8821203347,0.000640453,0.000378234,,1.14E-05,1.08E-05,8.44E-07,#REF!,0.000387684,0.001151591,0.00119215,,,,,0.000103696,2.59E-05,3.68E-06,0.000560088,0.000779934,,,7.20E-05,0.001478082,1.23E-05,3.00E-07,0.007558654,0.000792538,-3.33E-05,,0.000350193,0.000245983,0.000229635,0.275756227,1.628707338,,,0.013902573,0.231379154,0.094268119,1.061104583,-0.191570378,3.753293413,0.082708646,0.421659278,-0.875324675,-0.173231774,-0.97729337,5.14674316,0.00233489,3.788656169,1.727200388,2.009009027,7.00763,7.28977,0.09527253,-0.064303087,-0.164756447,0.12842624,0.085878846,2.922491808,0.120074338,27.61660562,0.007526858,-0.220233625,-0.180133969,2.575332483,0.816002014,0.019842822,0.376077111,0.000407438,0.071798668,0.10940919,-0.137153593,0.086403776,0.635302114,-0.002228715,0.142857143,-0.533538432,-0.296121296,-0.021126761,0.742848669,0.086402349,0.05711141,0.000405835,0.043991881
2006,2,06Q2,9067258455,0.000671526,0.00039305,,3.81E-05,1.07E-05,8.00E-07,#REF!,0.000383663,0.001136518,0.001233892,,,,,0.00012457,4.11E-05,1.04E-05,0.000439629,0.000731896,,,0.000172349,0.001549231,1.45E-05,2.72E-07,0.007313835,0.000582534,5.40E-05,,6.54E-05,0.000264503,0.000198622,0.155982774,-0.014876049,,,-0.684517383,0.099392423,-0.046320346,-0.164196123,-0.032808186,-0.892920131,-0.754211862,-0.357626515,0.041666667,-0.328770729,2.12,1.633059639,-0.261231281,4.325307959,1.601265169,1.23074951,7.11703,2.07398,-0.116839977,0.050251399,-0.377358491,-0.162527293,-0.443323847,-0.740893225,-0.063008998,-0.544224943,-0.134096953,-0.254806031,-0.184553359,0.355974522,-0.666877735,-0.016697775,-0.106608773,0.204336826,0.04281768,-0.034188034,0.008165487,-0.008035407,-0.217135665,0.005889442,-0.354166667,-0.461439047,-0.268188789,0,0.046767536,-0.008034332,-0.023368811,-0.011411342,0.05779013
2006,3,06Q3,9320258847,0.00066881,0.000403241,,2.60E-05,1.05E-05,7.61E-07,#REF!,0.00037854,0.001122817,0.001134961,,,,,9.94E-05,0.000435642,4.73E-06,0.000581563,0.000371266,,,0.000198715,0.001375109,9.69E-06,2.60E-07,0.007161605,0.000638001,0.000129457,,0.000236118,0.000140274,0.000132153,0.099617863,-0.004508927,,,4.349760438,0.104162683,-0.059161749,0.949749886,0.643492863,15.2,7.306103286,-0.214979196,6.5,1.558169935,33.70512821,0.053235991,0.692342342,2.764162271,-0.358126239,0.829217433,0.5492,6.18663,0.013082584,0.037739258,0.515151515,-0.017761121,2.062691636,0.903780464,0.103426962,1.209511327,0.15373781,0.670031059,0.736341109,-0.353049491,0.166484833,0.101343903,0.068759653,0.288211773,-0.000662252,-0.054458816,0.002159827,-0.048263684,-0.320278943,0.07785031,1.580645161,1.760595046,0.072153576,-0.043165468,-1.42576185,-0.048263875,-0.041814736,0.002681557,-0.013873462
2006,4,06Q4,9708826761,0.00065128,0.000410211,,1.73E-05,-1.66E-07,7.86E-07,#REF!,0.000331346,0.00110897,0.001192872,,,,,0.000128642,0.000217859,5.80E-06,0.000541251,0.000579746,,,8.30E-05,0.001453981,1.42E-05,2.73E-07,0.007247501,0.000569139,4.21E-05,,0.000200829,0.000145711,0.000177324,-0.02468531,-0.291344426,,,0.250895599,0.015130848,0.205532326,-0.286355685,-0.196178604,-0.39070443,-0.472190821,0.681095406,-0.946666667,-0.459376597,-0.92279276,2.746042868,-0.570135747,4.233623248,5.414056193,3.835435635,1.80796,6.05504,0.079465006,0.011037124,0.363636364,0.135036496,-0.246287372,0.806019797,0.048806847,-0.502104341,0.055925911,-0.000125199,-0.269896051,0.283660548,0.789733008,0.060903165,-0.166744004,-0.043973125,0.017229954,0.010799136,0.031788793,-0.002620944,0.549329048,0.025740702,-0.3375,-0.659978505,0.109391567,0.015037594,-3.440559158,-0.002620723,-0.001236247,-0.007821865,0.055148173
2007,1,07Q1,10073614208,0.000621064,0.000367188,,2.91E-05,6.96E-06,7.93E-07,#REF!,0.000364469,0.001021916,0.001290707,#REF!,,-2.75E-06,1.29E-06,9.02E-05,8.30E-05,-1.75E-06,0.000408753,0.000346272,6.16E-05,,-0.000246612,0.001529522,1.19E-05,2.50E-07,0.007044934,0.000861894,3.37E-05,6.64E-05,0.000210093,0.000183095,0.000368662,0.241301873,1.126702447,,,-0.611946405,0.163789999,-0.02708111,0.50949424,0.00613957,0.359952324,-0.716427501,1.087435628,113.05,1.375515123,1.861244019,0.543500358,-0.520743034,3.302473412,4.136057205,4.609670017,3.08055,8.2911,0.044946701,0.043038062,-0.152,0.067962584,0.219310323,0.786680657,0.019330258,1.554070744,-0.005053373,0.240289588,0.99967108,1.085612797,-0.589855346,0.094092799,0.420413683,0.285224151,-0.047557003,0.035612536,0.025065274,0.031437097,-0.037697392,0.051107753,0.150943396,-0.670696304,-0.300107259,0,0.157835985,0.03143749,0.035152865,-0.022044372,0.035562701
2007,2,07Q2,10488757102,0.000644831,0.000361235,,2.04E-05,1.17E-05,7.75E-07,#REF!,0.000370067,0.000999833,0.001341505,#REF!,,-1.96E-06,1.11E-05,8.68E-05,0.000141186,-1.83E-06,0.000438997,0.000413284,9.68E-05,,0.000184433,0.001537284,1.53E-05,2.77E-07,0.007181772,0.000686908,3.03E-05,7.49E-05,0.000200769,0.000117485,0.000263507,0.019057465,-0.32021206,,,2.00843437,0.052746831,0.067324832,-0.419530493,0.325786767,-0.545135846,-0.302870091,-0.135029541,-0.651468654,-0.2577473,-0.772575251,3.646592045,3.156330749,1.817063251,0.1936681,5.027581441,7.24077,4.98844,0.116487785,-0.031844295,-0.034591195,0.091966607,-0.887382391,-0.617263742,-0.14248709,-0.922260152,-0.546178485,-0.175434249,-0.219806094,-0.410155996,0.006108053,-0.494709844,-0.119524754,-0.615644513,-0.092339261,-0.024071527,-0.120224147,0.03799765,0.632080514,-0.005152973,-0.327868852,1.650396145,-0.056644541,0.037037037,-0.445241396,0.037996267,0.01135956,-0.029509662,0.067395309
2007,3,07Q3,10947826240,0.000637331,0.000373847,,4.11E-05,9.42E-06,7.24E-07,#REF!,0.000337032,0.000958962,0.001091236,#REF!,,1.95E-05,7.41E-06,-0.000122553,0.00016989,-6.19E-06,0.000416849,0.000312828,5.47E-05,,0.000615302,0.001157124,1.18E-05,2.15E-07,0.004984488,-0.000338001,-6.84E-05,-0.000371039,-0.000131723,0.000207927,2.52E-05,0.236623829,0.843089975,,,0.200411775,0.208782727,0.039182939,-0.542428198,0.884791309,0.003853565,1.919826652,-0.201396973,-0.729559748,-0.07075851,4,2.955421461,1.980727386,2.549556024,-1.352473879,4.802664372,0.86232,4.33223,0.117261458,-0.053949904,0.166123779,0.184358942,4.827178904,1.518772445,-0.243348871,1.827370535,-0.449690021,0.110599355,0.612293087,-0.645651334,0.006527926,-0.316329494,0.011539049,-0.480310699,-0.214770158,-0.099365751,0.106543138,-0.025504492,0.008433347,0.004218659,1.073170732,0.403176909,0.694135616,0.028571428,0.955089124,-0.025503712,-0.053085836,-0.030647419,0.009025537
2007,4,07Q4,11002466130,0.000668042,0.000400075,,-2.18E-05,8.96E-06,6.95E-07,#REF!,0.000387801,0.000996672,0.001234264,#REF!,,3.55E-05,1.35E-05,-7.70E-05,0.000132502,-1.43E-05,0.000374334,0.000275686,3.14E-05,,1.07E-05,0.001487794,1.26E-05,2.52E-07,0.003394348,-0.002606162,8.03E-05,-0.00182181,-1.68E-05,0.000206119,-0.001052987,-0.06283747,-0.524376165,,,-0.803671131,-0.087657023,-0.02760539,0.079274506,-0.783457202,1.113243762,-0.291280148,0.076166181,0.930232558,-0.067781944,-0.711764706,1.702907574,-0.157263531,1.737632686,3.712766512,0.742536342,2.91836,8.36353,0.096268253,-0.165239803,0.372905028,0.058835979,-0.769573181,-0.849837978,-0.077221441,-0.77797989,-0.839512748,-0.332704616,-0.457610401,3.314475528,0.879329131,-0.359155854,-0.536702036,-0.007984217,-0.398272553,-0.140062598,0.257456829,0.026086297,0.03698944,-0.096998616,-0.682352941,1.650628931,0.532988855,0.041666667,-0.124863698,0.026085974,-0.049069797,-0.034255287,-0.025093119
2008,1,08Q1,11507334249,0.000614519,0.000385603,0.000248051,4.19E-05,1.96E-05,6.78E-07,#REF!,0.000373537,0.000992599,0.001111362,#REF!,-0.00019606,7.58E-05,1.77E-05,-0.000130932,-5.22E-05,-2.02E-05,0.000213274,0.000258487,-3.30E-05,1.24E-07,-0.000311028,0.001671325,7.50E-06,2.17E-07,0.004403181,-0.001061371,8.95E-05,-0.00096934,-1.85E-05,0.000259322,-0.000422342,0.041613452,0.460174964,,,-0.080855019,0.030923239,-0.0372122,0.362160121,-0.128881625,-0.9373297,-0.02565445,-0.397223163,-0.373493976,-0.415841584,-0.714285714,-1.763043649,0.131419379,2.077145479,2.71330191,0.343138192,3.05711,6.05744,0.289874572,-0.018967937,0.340793489,0.394663202,2.167767484,2.228355632,0.362910631,3.551433773,0.451715259,0.707503161,0.63017992,-0.369001648,0.393436174,0.226434405,3.107899738,-0.19868959,-0.208931419,0.060964513,0.214731586,0.046905052,-0.038151408,0.015522659,-0.37037037,0.392564233,0.311528416,0.066666667,0.225245678,0.046905526,0.051601891,-0.04489185,-0.045551862
2008,2,08Q2,11246050742,0.000690656,0.000350502,0.00027762,4.72E-05,2.66E-05,6.85E-07,#REF!,0.000380031,0.001032508,0.00115218,#REF!,0.000457036,-4.10E-05,-1.26E-05,2.54E-05,9.17E-05,-1.86E-05,0.000134241,0.00042481,-8.21E-05,1.58E-06,4.57E-05,0.001454263,1.16E-05,2.34E-07,0.005045771,-0.000725107,4.96E-05,-0.000636887,3.90E-05,0.000167141,-0.000343505,0.089500884,0.212655662,,,-0.354499494,0.070141617,-0.050574409,0.079844746,0.476547842,15.8115942,-0.125201505,0.460674157,1.25,0.509004237,1.357142857,1.322055519,0.036202559,-1.437567268,-5.173205031,-3.57996537,-1.29303,5.83307,-0.278821525,-0.054075468,-0.455235205,-0.301397349,-0.784669462,-0.374339915,-0.7621533,-0.895244762,-0.176396288,-0.625861553,-0.495844302,-0.585038034,-0.696242471,-0.624294601,-0.704606533,-0.333346019,-0.080645161,-0.006003431,-0.119218911,0.051486556,0.506610799,-0.087201153,-0.470588235,-2.07312188,-1.370259212,0.125,0.1891302,0.051485706,0.017730054,-0.041336477,0.019709175
2008,3,08Q3,12241046779,0.000648139,0.000299907,0.00024835,1.42E-05,2.18E-05,5.92E-07,#REF!,0.000322334,0.000652516,0.000977124,#REF!,-0.000344899,6.89E-05,2.25E-05,-1.35E-06,1.65E-06,-2.22E-05,0.000119933,0.000321347,-2.22E-05,3.02E-06,0.001329486,0.001539281,6.68E-06,2.16E-07,0.004096319,-0.000727614,2.28E-05,-0.00034978,-4.41E-05,0.000226477,-0.000583415,-0.120614739,-0.584782893,,,1.71773183,-0.121080719,-0.206815021,-0.685365854,-0.074786713,-0.932758621,0.005528256,1.604230769,1.393162393,1.609336609,1.901515152,-3.661257655,-0.337344311,-2.365145324,-3.671037353,-6.880660089,-0.32821,5.48565,-0.439058884,-0.213578567,-0.215877437,-0.572161247,-0.719151671,-0.826923077,0.691740957,-0.83150358,-0.828106465,0.468734572,0.115509366,0.225167693,0.923554831,0.373987563,-0.337007263,-0.107108781,-0.800438596,-0.157894737,-0.346168806,0.304554082,0.730736269,-0.271595227,-0.888888889,-0.973925458,0.19181408,0.144444445,-2.409483455,0.304553257,-0.082934609,-0.048768695,-0.060427563
2008,4,08Q4,11400458753,0.000729923,0.00034951,0.000258513,5.16E-05,2.42E-05,6.56E-07,#REF!,0.000335476,0.000900378,0.000953743,#REF!,-0.001997499,0.000268002,4.07E-05,-8.11E-05,-0.000177503,-3.89E-05,0.000138779,-2.70E-05,-0.000225184,5.47E-06,-4.89E-05,0.001771795,7.55E-06,2.49E-07,0.002314406,-0.002343512,6.27E-05,-0.001313646,-0.000166746,0.000433468,-0.001359564,-0.198716278,-0.651445046,,,-0.518616715,-0.222078077,-0.404874627,1.98123215,-0.692956641,0.782051282,-0.936469151,-0.215330084,0.142857143,-0.235942965,-0.877284595,-8.890118354,-0.141764893,-6.620140285,-12.44177053,-8.081280782,-5.7337,-12.42068,0.027188861,-0.083890533,-0.362344583,0.140973388,6.382684973,1.421604938,0.311339954,-1,-0.343179166,2.814040446,0.960096772,1.052274347,0.421720554,0.329488427,2.964243133,1.110563618,-0.285714286,-0.158811475,-0.305175491,-0.045135132,-0.299406368,-0.114379423,4,19.52727801,0.168492382,0.203883495,-0.71839035,-0.045134949,-0.125618729,-0.051868258,-0.089416837
2009,1,09Q1,13119782900,0.000535121,0.000358063,0.000492138,2.34E-05,1.65E-05,5.16E-07,#REF!,0.000276214,0.000863357,0.001401403,#REF!,-0.000194094,-1.89E-05,3.07E-06,0.000218214,1.45E-05,-3.09E-05,0.000151758,0.000392015,2.02E-05,6.66E-06,-0.000191195,0.002319881,7.37E-06,6.62E-07,0.007718642,0.001603691,0.000339566,-0.000255634,0.00032927,0.000362511,0.000827978,-0.145710472,0.629456658,,,-0.079262452,-0.119459983,0.220388922,-0.640618585,0.332907348,-0.971223022,2.894230769,-0.97741389,-0.959375,-0.963732394,0.553191489,-5.250679433,-0.183927246,-10.732554,-15.01882191,-5.863229219,-23.77159,-5.32579,0.255738711,0.133281661,0.030640669,0.441269174,3.080950954,2.954524599,0.093545113,#DIV/0!,7.291030883,-0.506673728,-0.448396408,-0.170205379,0.667495483,0.384335378,0.152511739,0.438021321,-0.2,0.210718636,-0.161815068,-0.090471042,-0.253662884,0.10516171,2.8,-0.899880565,-1.167428126,0.120967742,-1.769814611,-0.090470154,0.010250918,-0.012557096,-0.169428042
2009,2,09Q2,13006599099,0.000558153,0.000403213,0.000570922,3.44E-05,1.77E-05,6.05E-07,#REF!,0.000284624,0.000885529,0.001677498,#REF!,0.000800286,-0.000250665,-1.18E-05,0.000100469,0.001107721,-2.01E-05,-3.43E-07,0.000544419,0.000444092,2.82E-06,0.000720653,0.001031149,7.11E-06,6.51E-07,0.007755441,0.001361537,0.000175486,4.59E-05,0.00021907,0.000128626,0.000792419,-0.136590886,-0.070981099,,,-0.347204161,-0.10273103,0.231289232,-0.225818736,-0.475551294,193,2.066666667,3.316666667,2.076923077,2.004854369,-0.164383562,-0.313972129,-0.10302479,-1.122775784,6.310687229,-0.692172092,0.2751,5.61376,0.027830838,0.121781628,-0.113513514,-0.008310249,-0.135403296,-0.00868915,-0.11975483,0.277006552,-0.629818589,-0.328961808,0.768227429,0.388236848,-0.406834875,-0.232481063,0.049261811,-0.305511837,-0.096153846,0.061368209,0.00102145,-0.170308142,-0.259697253,0.115557571,0.105263158,11.9683713,-3.880861119,0.039568345,0.840491106,-0.170308382,0.005603514,0.011562071,-0.095070864
2009,3,09Q3,13197945764,0.000590487,0.000404768,0.000547278,7.85E-05,1.71E-05,6.12E-07,#REF!,0.000303579,0.000819373,0.001567055,#REF!,0.000484238,-0.000119905,-6.66E-06,0.000154201,2.69E-05,-2.14E-05,6.26E-05,0.000397783,0.000365857,-4.11E-07,-0.000120307,0.001687941,5.80E-06,5.00E-07,0.007289892,0.00150829,0.000170646,0.000499279,0.000331415,8.95E-05,0.000417417,-0.176255022,-0.438578416,,,0.095219124,-0.14897379,0.014901961,1.206099361,6.76142596,0.220360825,5.838164251,0.745173745,-0.775,0.510500808,-0.639344262,1.447872458,-0.248478702,1.496662039,0.963570581,1.592189644,10.7174,9.57187,0.133700702,0.05628096,0.777439024,0.139370773,0.18607559,-0.152690717,-0.316867833,-0.355641424,1.702802415,0.527956531,-0.498909434,-0.072298712,-0.167885412,-0.15874972,-0.070857588,-0.037007026,-0.638297872,-0.016113744,0.294897959,-0.093146982,-0.019488777,0.092951526,0.476190476,-0.90675943,-1.757773932,0.031141869,-0.155971101,-0.093147336,-0.03157272,0.005947886,-0.004580105
2009,4,09Q4,13105101851,0.000555152,0.000443602,0.000584547,0.0001036,1.71E-05,5.74E-07,#REF!,0.00030307,0.000913715,0.001716074,#REF!,0.000424879,0.000244895,-0.000301533,-0.000223269,0.000117582,-2.35E-05,0.000119451,0.00085011,0.000323715,7.14E-07,0.000111178,0.000927432,5.27E-06,5.48E-07,0.005960955,0.000445089,0.000219233,0.000116481,0.000256431,0.000246096,-0.000393187,-0.148883384,0.129502856,,,-0.283739542,-0.140138057,-0.086746522,-0.378149387,-0.517606878,0.348468849,-0.686212175,-0.144911504,0.111111111,-0.075935829,2.681818182,4.023899011,-0.157894737,1.595368218,7.12474636,1.662082648,8.33124,10.03578,0.010560024,0.089440964,-0.32761578,0.04516129,0.26664132,0.135082038,0.145666762,2.045710162,0.336220768,0.09833843,0.362283832,0.018380467,0.315542773,0.301220485,-0.388190108,0.507064435,0.882352941,0.074181118,0.236406619,-0.057758077,-0.110133627,0.032425668,0.129032258,-10.91694263,2.074225873,-0.016778523,-0.717301149,-0.057758586,0.01234657,0.004714609,-0.028448827
2010,1,10Q1,13622024840,0.00049233,0.000451889,0.000611663,5.81E-05,1.70E-05,5.82E-07,#REF!,0.000312008,0.000868951,0.001497759,#REF!,0.000412039,-1.51E-05,-1.19E-05,1.33E-05,3.24E-05,-1.98E-05,3.31E-06,0.000398703,0.000304742,3.09E-07,-0.000158232,0.00199117,5.49E-06,5.62E-07,0.007768505,0.002019712,0.000172505,0.000920878,0.000337798,0.000430455,0.000158076,-0.050057258,0.68294464,,,-0.526663281,0.041722813,0.513010366,0.70132664,-0.423828125,-0.130775255,0.622889306,-0.786545925,-0.9,-0.18287037,5.666666667,2.335339512,-0.035657051,1.909301662,5.105846283,2.390985759,3.55485,6.94699,-0.065980081,-0.041832691,0.155612245,-0.076296296,-0.343858664,-0.436717419,-0.315152755,-0.624537381,-0.538525199,-0.431805271,-0.27987081,-0.648780242,-0.046958207,-0.424403477,0.201423141,-0.450667304,0.375,-0.060986547,-0.196303378,-0.039025523,0.676675243,0.009782286,0.285714286,0.114964941,-0.088405162,-0.013651877,-1.390358315,-0.039025129,-0.034525135,0.001493029,0.102639602
2010,2,10Q2,13396100852,0.000505584,0.000442906,0.000675915,5.39E-05,2.64E-05,6.20E-07,#REF!,0.000302726,0.000842828,0.001490548,#REF!,0.000122894,2.22E-05,3.08E-05,2.87E-06,2.61E-05,-2.80E-05,7.01E-06,0.000316541,0.000245401,4.22E-06,0.000477028,0.002224358,5.83E-06,5.56E-07,0.00691922,0.001025806,6.28E-05,0.00038157,0.000138046,0.000469802,-2.64E-05,-0.051585417,-0.057301695,,,4.083690987,-0.089968022,-0.261884787,-0.050158061,0.340254237,-0.873873874,-0.65433526,11.77575758,-1,2.750708215,0,2.244016936,0.207727462,4.171120799,5.067998679,2.881168327,6.1226,6.46006,0.102750515,0.016023684,-0.14790287,0.101577118,0.735577723,0.347096526,0.52835098,0.723001937,0.743505496,0.647318781,0.610296998,3.444332903,0.022067491,0.781811494,0.578809408,1.222835185,0.068181818,-0.201528176,0.003172086,-0.086656744,-0.282376065,-0.033790371,0.022222222,-0.815700673,-0.644352737,-0.010380623,-5.277463882,-0.086656593,-0.090339811,-0.021906665,0.011000567
2010,3,10Q3,13769340803,0.000424367,0.00039854,0.000661536,6.40E-05,2.09E-05,6.42E-07,#REF!,0.000283975,0.000776744,0.001456099,#REF!,0.000548422,-4.59E-05,-1.91E-05,0.00011026,8.46E-05,-2.71E-05,1.37E-05,0.000254817,0.000259132,8.19E-06,7.35E-05,0.001814507,3.94E-06,5.86E-07,0.006393795,0.000905335,0.000116233,0.000278758,0.000425268,-0.000156758,0.000241833,-0.096302823,-0.265358725,,,1.56141832,-0.033835168,0.068763023,0.572664744,0.554220677,2.035714286,1.23277592,-0.532732448,#DIV/0!,-0.41805136,0,2.602896117,-0.132782938,1.505733823,4.67492702,2.471695018,2.9826,3.57142,0.157070652,0.104693878,0.095854922,0.158699345,0.121379339,-0.063368736,-0.281996421,0.001591231,0.006951158,0.064737007,-0.192454722,-0.054156673,-0.222417585,-0.277293581,-0.214675681,-0.456931353,-0.127659574,0.027511962,0.015810277,-0.006477489,-0.283627511,0.098826964,0.543478261,-0.174200933,0.27791516,0.003496504,1.078759531,-0.006477148,0.026548894,-0.016627711,0.050588455
2010,4,10Q4,13372666732,0.000407039,0.000389246,0.000703893,6.06E-05,2.48E-05,6.37E-07,#REF!,0.000346891,0.000921651,0.001860361,#REF!,0.000433303,-3.32E-05,2.28E-06,-0.000155344,5.71E-05,-2.51E-05,-2.66E-06,0.000294718,0.000231293,6.98E-06,-2.59E-05,0.001949171,5.94E-06,5.59E-07,0.006590208,0.000667096,5.46E-05,6.28E-05,0.000332586,0.000323197,-0.000106044,-0.046223435,0.198186204,,,0.700148319,0.040666841,0.187876639,0.461202032,-0.092554923,0.482352941,-0.715098862,-0.382741117,9.8125,-0.475016223,-0.948148148,2.39334545,0.839349464,1.394613298,-1.108202921,-1.728514652,4.50448,4.7029,0.148441828,-0.014142907,0.01891253,0.239790576,-0.190684207,0.033923135,0.677307189,0.790934308,-0.393199199,0.139029877,0.071407054,-0.375545852,0.714369847,0.518523104,0.680224214,0.830726042,-0.073170732,0.208381839,-0.014785992,0.07099185,0.248937978,0.081308662,-0.295774648,3.538692286,1.453873668,-0.05923345,0.531346453,0.070991345,0.078718691,-0.009573166,0.036883354
2011,1,11Q1,13632388225,0.00039067,0.000362725,0.000675291,5.93E-05,2.32E-05,6.58E-07,#REF!,0.000328384,0.001003346,0.001601525,#REF!,0.00041403,-2.67E-05,-2.85E-05,-2.86E-05,4.17E-05,-3.12E-05,2.01E-05,0.000289226,0.000145207,5.68E-06,-0.000132907,0.001731129,4.89E-06,5.89E-07,0.007310027,0.001637531,0.00019965,0.000402032,0.000472932,5.50E-05,0.000507925,0.209360913,1.150018955,,,-0.658168953,0.138521191,0.194568785,-0.196388916,0.105581708,1.20952381,2.94637224,4.960526316,-0.994219653,4.446229913,26.89285714,0.078042987,-0.00841061,2.591787129,-7.954236455,1.975716775,2.0573,3.88369,-0.078236543,-0.023954776,-0.006960557,-0.059290541,0.094933021,-0.265609186,-0.128388369,-0.199262174,-0.596005076,-0.100898932,0.266023618,-0.045618444,-0.196216141,-0.177960014,-0.301693758,-0.232349664,-0.631578947,-0.072254335,-0.022906793,-0.04629863,-0.226870748,0.01213331,0.38,-1.338154408,-0.735333823,0.003703704,-0.024609826,-0.046299429,-0.055599431,-0.008297702,-0.010997028
2011,2,11Q2,13814891410,0.000407283,0.000342235,0.000741674,6.38E-05,2.37E-05,7.77E-07,#REF!,0.000329361,0.001033099,0.001634206,#REF!,0.000285088,-2.74E-06,1.15E-06,-0.000925429,8.86E-05,-2.06E-05,1.51E-05,0.000163824,-0.000284748,4.95E-06,5.97E-05,0.001958207,5.69E-06,-1.28E-07,0.006122527,0.001052681,0.000100532,0.000308079,0.000300358,8.28E-05,0.000260921,-0.044572542,-0.459165805,,,-0.919041543,-0.063475334,-0.039220585,-0.002763427,0.195863747,-0.739224138,-0.745536904,-0.482615894,5,-0.560599183,-0.929577465,2.47666029,-0.107220531,0.948059118,-2.095873819,0.294412648,5.526,2.74721,-0.11639381,-0.103759799,-0.142523364,-0.045968756,-0.715330001,-0.482272169,-0.219752379,-0.54175459,2.716001873,-0.308316322,-0.415836109,-0.445780144,-0.330241393,-0.279017561,-0.630048057,-0.480497033,-0.5,-0.244029076,-0.006467259,-0.053323499,1.11174659,-0.070592506,-0.637681159,-0.145323321,-0.485153947,0.003690037,-0.302082873,-0.053321199,-0.084462285,-0.003088255,0.001090235
2011,3,11Q3,13892263373,0.000419402,0.000337053,0.000719272,3.58E-05,2.23E-05,6.86E-07,#REF!,0.000309393,0.001005344,0.001380377,#REF!,-0.000217597,9.57E-05,9.17E-05,6.00E-05,1.20E-05,-2.87E-05,2.87E-06,-0.000192177,-0.000238143,3.02E-06,-3.63E-05,0.002569588,4.61E-06,6.35E-07,0.006452281,0.000645492,0.000153067,0.000205933,-0.000190874,0.000351972,0.000125394,0.058104626,0.432968713,,,0.103327496,0.021446005,-0.07774311,0.445060241,-0.168870804,0.512396694,-0.090052356,-0.0048,-1,0.016012397,0.836363636,1.280466371,-0.267965895,0.313760537,9.51153427,2.094507535,4.91347,0.31525,0.091218274,0.107060826,-0.188010899,0.022774327,0.57385401,0.754718807,-0.063683741,0.158598592,-0.715468522,0.285009556,-0.033354799,0.009640213,-0.033095418,-0.107665569,1.443373463,0.317045269,-0.428571429,-0.156593407,-0.177379984,0.022125745,-0.053125,0.000312318,0.44,-0.872360078,-0.153211958,-0.040441177,-0.578846608,0.02212441,-0.054256485,-0.009970954,0.051466963
2011,4,11Q4,13679328236,0.000420678,0.000350708,0.000642903,5.84E-05,1.71E-05,6.38E-07,#REF!,0.000316828,0.000992203,0.001237448,#REF!,0.000480705,-3.33E-05,-5.42E-06,4.36E-05,3.34E-05,-3.45E-05,-4.85E-07,0.000228959,0.000283191,2.82E-06,1.55E-06,0.001877612,3.68E-06,3.65E-07,0.005710272,0.000362032,0.00011997,-0.000204891,0.000222581,0.000221556,2.82E-06,-0.021528761,-0.215386305,,,8.279365079,-0.029493183,-0.127854525,-0.730531933,-0.2250102,-0.938069217,0.802071346,-0.475348339,#DIV/0!,-0.42806304,-0.574257426,4.093133736,0.604658902,-1.346408366,-1.159813588,-1.425291413,2.95175,1.77136,0.067916453,0.081485224,-0.33557047,0.148877438,1.307184542,0.278271183,0.853681763,1.657265877,2.829906659,0.097769569,0.675081067,1.551270247,0.977414755,1.199405713,0.680336177,1.11338548,4,-0.004885993,-0.248269041,-0.057321129,-0.494609461,0.100462877,0.388888889,-23.99581466,6.051318691,-0.049808429,0.904399849,-0.05731997,-0.013907668,0.01492962,0.005657927
2012,1,12Q1,13878570544,0.000396019,0.000327307,0.000614847,6.29E-05,1.89E-05,6.52E-07,#REF!,0.000373327,0.001074721,0.001537796,#REF!,0.000543798,-9.04E-05,-6.01E-05,0.000141977,3.08E-05,-1.72E-05,5.56E-06,0.000307583,0.000381724,3.69E-06,-6.60E-05,0.001412155,0,9.72E-07,0.006716263,0.001267145,0.000162109,5.21E-05,0.000396937,0.000137655,0.00051848,0.289571251,1.310848915,,,-0.406431748,0.251452777,0.181671246,0.286819307,0.956304291,-0.205882353,1.985951469,0.385086823,-0.86407767,0.252444444,-0.093023256,1.959954193,-0.011820821,-0.041368844,5.168488177,-1.203709203,4.85704,0.9358,-0.129619143,-0.011649752,0.383838384,-0.218724972,-0.439950611,0.075995253,-0.109172491,-0.457412797,-0.736402127,-0.047896833,-0.419300894,-0.534898952,-0.308782932,-0.370417235,-0.252791948,-0.6232192,0.3,-0.104746318,-0.161842105,-0.037347932,0.160644319,0.000663578,-0.18,-0.165946215,-0.396898616,-0.012096774,-0.696537684,-0.03734984,-0.047012733,0.024565068,0.008388835
2012,2,12Q2,13795582939,0.000406334,0.000326866,0.000669529,5.51E-05,1.31E-05,6.42E-07,#REF!,0.000380721,0.001102197,0.001529596,#REF!,0.000411906,2.49E-05,1.81E-05,-2.31E-05,-1.33E-05,-5.70E-06,8.58E-06,0.000137181,0.000374751,3.27E-06,-7.97E-05,0.002255754,1.06E-05,-2.07E-07,0.006589044,0.00062763,6.30E-05,-8.99E-05,0.000106666,0.000214632,0.000333122,0.080359341,-0.210447064,,,-0.732564841,0.032376854,-0.1125701,0.012022121,-0.258880517,51.07407407,-0.631950385,0.374631268,-0.928571429,0.354151881,0.102564103,1.252984138,-0.371878279,-0.712259547,0.312892259,-1.49423585,3.54538,2.77989,0.110586547,0.046937072,0.116788321,0.161455664,1.088526434,-0.009505284,-0.020749862,0.941766307,1.98832652,0.377466517,0.893059601,1.320487398,0.384973503,0.394937755,-0.054671699,0.989177158,0.192307692,-0.098720293,0.28100471,-0.074859769,-0.232183046,0.037982588,0,-0.748945044,-0.318138058,-0.012244898,2.057676155,-0.07485906,-0.052116229,0.014773898,0.009014387
2012,3,12Q3,14435538525,0.000392807,0.000299595,0.000636122,5.39E-05,2.41E-05,6.00E-07,#REF!,0.000372294,0.001155516,0.001485629,#REF!,0.00054566,-6.53E-05,-6.22E-05,0.000156503,-1.04E-05,-1.59E-07,2.21E-05,0.000213853,0.000374806,2.07E-06,-5.68E-05,0.002127075,4.01E-06,3.86E-07,0.006864476,0.00081789,3.75E-05,-4.53E-05,0.000278579,9.81E-05,0.000449048,-0.06260788,-0.387177211,,,1.878232759,-0.04892455,-0.013563502,0.338560228,-0.219680465,-0.93883357,-0.424171993,-0.068133047,7,-0.043501048,0.860465116,2.012571686,-0.290010023,-0.515508994,-3.513938353,4.060666158,3.4,1.5,-0.028765415,-0.00411151,0.124183007,-0.004060018,0.017143427,0.524973174,0.02939666,-0.416980172,0.120274762,0.051592021,-0.226058984,-0.152614371,0.236434692,0.018226433,-0.047552281,0.131170488,-0.161290323,0.038539554,0.192401961,-0.072724757,,0.012274716,0.146341463,,,,,,,,
2012,4,12Q4,14243483061,0.000397831,0.000322837,0.000674024,6.29E-05,1.27E-05,6.51E-07,#REF!,0.000252697,0.00091192,0.001596812,#REF!,0.000655883,-4.93E-05,9.14E-05,-1.93E-05,6.95E-05,1.35E-05,1.42E-05,0.000265095,0.000368919,3.05E-07,0.000244763,0.00242843,0,3.67E-07,0.00697836,0.00074642,7.70E-05,0.000123814,0.000185329,7.68E-05,0.000283474,,,,,-0.715087982,,,,,-1,,,,,,13656.8,,,,,,,,,,,-0.088805368,-0.542609827,0.599206216,-0.610538437,-0.490675405,0.042188741,0.112817928,-0.600594829,0.14909215,0.23439831,0.409951539,0.110906323,,,,,,,,,,,,,,,
2013,1,,,,,,,,,,,,,,,,,,,,,,,,,,,,,,,,,,,,,,,,,,,,,,,,,,,,,,,,,,,,,,,,,,,,,,,,,,,,,,,,,,,,,,,
